{
    "description": "[普通聊天用的]心情不爽？用这个",
    "created_at": 1513714282,
    "owned": true,
    "badge": 0,
    "suffix": {
        "count": 0,
        "text": "-66键盘"
    },
    "updated_at": 1518070166,
    "used_count": 480688,
    "categories": [{
        "id": "28b60e6b-b266-4d6f-8339-054d62f3317f",
        "path": "295f4b69-6f8b-48b5-9631-eeb908bfa98d/28b60e6b-b266-4d6f-8339-054d62f3317f",
        "priority": 0,
        "sessions": [{
            "priority": 0,
            "id": "3bffb3eb-6aa7-4014-aa88-1c1b946375b9",
            "contents": [{
                "priority": 0,
                "id": "956334b3-1856-4906-a540-5b451cc111a2",
                "statements": [{
                    "priority": 0,
                    "id": "57e3cad8-33c2-40d1-9924-debb269413d8",
                    "text": "祝每一个礼物都是绿帽",
                    "path": "295f4b69-6f8b-48b5-9631-eeb908bfa98d/28b60e6b-b266-4d6f-8339-054d62f3317f/3bffb3eb-6aa7-4014-aa88-1c1b946375b9/956334b3-1856-4906-a540-5b451cc111a2/57e3cad8-33c2-40d1-9924-debb269413d8"
                }, {
                    "priority": 0,
                    "id": "f77a8a65-3ae2-495f-93e6-456376cce952",
                    "text": "祝天下有情人终成兄妹",
                    "path": "295f4b69-6f8b-48b5-9631-eeb908bfa98d/28b60e6b-b266-4d6f-8339-054d62f3317f/3bffb3eb-6aa7-4014-aa88-1c1b946375b9/956334b3-1856-4906-a540-5b451cc111a2/f77a8a65-3ae2-495f-93e6-456376cce952"
                }, {
                    "priority": 0,
                    "id": "fc5d9f83-5889-425c-87cd-26cfd295c61f",
                    "text": "全世界都充满了恋爱的酸臭 只有我散发着单身狗的清香",
                    "path": "295f4b69-6f8b-48b5-9631-eeb908bfa98d/28b60e6b-b266-4d6f-8339-054d62f3317f/3bffb3eb-6aa7-4014-aa88-1c1b946375b9/956334b3-1856-4906-a540-5b451cc111a2/fc5d9f83-5889-425c-87cd-26cfd295c61f"
                }, {
                    "priority": 0,
                    "id": "3c19f0f3-89e3-410f-a6cb-a6620f54d278",
                    "text": "请叫我单身贵族 谢谢",
                    "path": "295f4b69-6f8b-48b5-9631-eeb908bfa98d/28b60e6b-b266-4d6f-8339-054d62f3317f/3bffb3eb-6aa7-4014-aa88-1c1b946375b9/956334b3-1856-4906-a540-5b451cc111a2/3c19f0f3-89e3-410f-a6cb-a6620f54d278"
                }, {
                    "priority": 0,
                    "id": "dc1c5145-8797-4ea0-99eb-a272d39b06cb",
                    "text": "我单身我骄傲 我为国家省套套",
                    "path": "295f4b69-6f8b-48b5-9631-eeb908bfa98d/28b60e6b-b266-4d6f-8339-054d62f3317f/3bffb3eb-6aa7-4014-aa88-1c1b946375b9/956334b3-1856-4906-a540-5b451cc111a2/dc1c5145-8797-4ea0-99eb-a272d39b06cb"
                }, {
                    "priority": 0,
                    "id": "db0930fa-dad0-4b13-b490-eb86555bcecc",
                    "text": "一个人睡觉可爽了 想怎么翻身都行",
                    "path": "295f4b69-6f8b-48b5-9631-eeb908bfa98d/28b60e6b-b266-4d6f-8339-054d62f3317f/3bffb3eb-6aa7-4014-aa88-1c1b946375b9/956334b3-1856-4906-a540-5b451cc111a2/db0930fa-dad0-4b13-b490-eb86555bcecc"
                }, {
                    "priority": 0,
                    "id": "533470fe-ca09-419b-aa0c-bd60910b22ad",
                    "text": "在我心里每一个节日都没有意义，我爱学习",
                    "path": "295f4b69-6f8b-48b5-9631-eeb908bfa98d/28b60e6b-b266-4d6f-8339-054d62f3317f/3bffb3eb-6aa7-4014-aa88-1c1b946375b9/956334b3-1856-4906-a540-5b451cc111a2/533470fe-ca09-419b-aa0c-bd60910b22ad"
                }, {
                    "priority": 0,
                    "id": "5d180149-8181-4c4f-8961-36feceb0e821",
                    "text": "远离红尘，不近酒肉，慈悲为怀",
                    "path": "295f4b69-6f8b-48b5-9631-eeb908bfa98d/28b60e6b-b266-4d6f-8339-054d62f3317f/3bffb3eb-6aa7-4014-aa88-1c1b946375b9/956334b3-1856-4906-a540-5b451cc111a2/5d180149-8181-4c4f-8961-36feceb0e821"
                }, {
                    "priority": 0,
                    "id": "b9633362-e552-4dbf-8dfe-93f7f2fe80d5",
                    "text": "分的，分的，都会分的",
                    "path": "295f4b69-6f8b-48b5-9631-eeb908bfa98d/28b60e6b-b266-4d6f-8339-054d62f3317f/3bffb3eb-6aa7-4014-aa88-1c1b946375b9/956334b3-1856-4906-a540-5b451cc111a2/b9633362-e552-4dbf-8dfe-93f7f2fe80d5"
                }, {
                    "priority": 0,
                    "id": "5f825377-cf44-46ce-85d7-e008141e2f84",
                    "text": "一个人很好的，很舒服",
                    "path": "295f4b69-6f8b-48b5-9631-eeb908bfa98d/28b60e6b-b266-4d6f-8339-054d62f3317f/3bffb3eb-6aa7-4014-aa88-1c1b946375b9/956334b3-1856-4906-a540-5b451cc111a2/5f825377-cf44-46ce-85d7-e008141e2f84"
                }, {
                    "priority": 0,
                    "id": "df02bd92-6439-4d92-ada0-d7648d2c74fb",
                    "text": "一个人真的很好，我很好",
                    "path": "295f4b69-6f8b-48b5-9631-eeb908bfa98d/28b60e6b-b266-4d6f-8339-054d62f3317f/3bffb3eb-6aa7-4014-aa88-1c1b946375b9/956334b3-1856-4906-a540-5b451cc111a2/df02bd92-6439-4d92-ada0-d7648d2c74fb"
                }, {
                    "priority": 0,
                    "id": "18651881-c68c-4910-b808-e1993f5a78b0",
                    "text": "坚强的我不需要别人陪我过",
                    "path": "295f4b69-6f8b-48b5-9631-eeb908bfa98d/28b60e6b-b266-4d6f-8339-054d62f3317f/3bffb3eb-6aa7-4014-aa88-1c1b946375b9/956334b3-1856-4906-a540-5b451cc111a2/18651881-c68c-4910-b808-e1993f5a78b0"
                }, {
                    "priority": 0,
                    "id": "38dace41-458e-4536-ba2f-dab2b67f6d66",
                    "text": "我不想脱单，只想脱贫致富",
                    "path": "295f4b69-6f8b-48b5-9631-eeb908bfa98d/28b60e6b-b266-4d6f-8339-054d62f3317f/3bffb3eb-6aa7-4014-aa88-1c1b946375b9/956334b3-1856-4906-a540-5b451cc111a2/38dace41-458e-4536-ba2f-dab2b67f6d66"
                }, {
                    "priority": 0,
                    "id": "420c4028-6386-4a04-b082-c7e3b65bac16",
                    "text": "单身吃你家大米啦，蹭你家网啦？",
                    "path": "295f4b69-6f8b-48b5-9631-eeb908bfa98d/28b60e6b-b266-4d6f-8339-054d62f3317f/3bffb3eb-6aa7-4014-aa88-1c1b946375b9/956334b3-1856-4906-a540-5b451cc111a2/420c4028-6386-4a04-b082-c7e3b65bac16"
                }, {
                    "priority": 0,
                    "id": "73169693-fa94-4f0d-9186-d864c0a08972",
                    "text": "对方拒绝了你的狗粮",
                    "path": "295f4b69-6f8b-48b5-9631-eeb908bfa98d/28b60e6b-b266-4d6f-8339-054d62f3317f/3bffb3eb-6aa7-4014-aa88-1c1b946375b9/956334b3-1856-4906-a540-5b451cc111a2/73169693-fa94-4f0d-9186-d864c0a08972"
                }, {
                    "priority": 0,
                    "id": "71fffc7f-b901-44f2-9619-d8cd01bbc26c",
                    "text": "对方踢翻了你的狗粮",
                    "path": "295f4b69-6f8b-48b5-9631-eeb908bfa98d/28b60e6b-b266-4d6f-8339-054d62f3317f/3bffb3eb-6aa7-4014-aa88-1c1b946375b9/956334b3-1856-4906-a540-5b451cc111a2/71fffc7f-b901-44f2-9619-d8cd01bbc26c"
                }, {
                    "priority": 0,
                    "id": "8b524960-14cb-46f9-95ea-459b3320e887",
                    "text": "只想一夜暴富，其他的拒绝",
                    "path": "295f4b69-6f8b-48b5-9631-eeb908bfa98d/28b60e6b-b266-4d6f-8339-054d62f3317f/3bffb3eb-6aa7-4014-aa88-1c1b946375b9/956334b3-1856-4906-a540-5b451cc111a2/8b524960-14cb-46f9-95ea-459b3320e887"
                }, {
                    "priority": 0,
                    "id": "f4976e40-b61b-4eed-b849-e7b40110d4eb",
                    "text": "我妈给我钱是用来学习的，不是养别人的",
                    "path": "295f4b69-6f8b-48b5-9631-eeb908bfa98d/28b60e6b-b266-4d6f-8339-054d62f3317f/3bffb3eb-6aa7-4014-aa88-1c1b946375b9/956334b3-1856-4906-a540-5b451cc111a2/f4976e40-b61b-4eed-b849-e7b40110d4eb"
                }, {
                    "priority": 0,
                    "id": "0ef7ec01-a548-4491-b8ee-15b185b79e60",
                    "text": "我有白起了，这个圣诞很好",
                    "path": "295f4b69-6f8b-48b5-9631-eeb908bfa98d/28b60e6b-b266-4d6f-8339-054d62f3317f/3bffb3eb-6aa7-4014-aa88-1c1b946375b9/956334b3-1856-4906-a540-5b451cc111a2/0ef7ec01-a548-4491-b8ee-15b185b79e60"
                }, {
                    "priority": 0,
                    "id": "f11ae0d6-52d1-4f61-85f9-22cfc236a959",
                    "text": "白起是我唯一的男人",
                    "path": "295f4b69-6f8b-48b5-9631-eeb908bfa98d/28b60e6b-b266-4d6f-8339-054d62f3317f/3bffb3eb-6aa7-4014-aa88-1c1b946375b9/956334b3-1856-4906-a540-5b451cc111a2/f11ae0d6-52d1-4f61-85f9-22cfc236a959"
                }],
                "text": "秀恩爱，滚",
                "path": "295f4b69-6f8b-48b5-9631-eeb908bfa98d/28b60e6b-b266-4d6f-8339-054d62f3317f/3bffb3eb-6aa7-4014-aa88-1c1b946375b9/956334b3-1856-4906-a540-5b451cc111a2"
            }, {
                "priority": 1,
                "id": "84321cee-9ded-459b-ae81-8a3ca309f7ae",
                "statements": [{
                    "priority": 0,
                    "id": "2cbbecb4-f7bb-4a90-9bfb-e37e04797f26",
                    "text": "每一个烟火燃起，每一朵雪花飘下。每一秒时间流动，每一份思念传送。都代表着我想要送你每一个祝福！",
                    "path": "295f4b69-6f8b-48b5-9631-eeb908bfa98d/28b60e6b-b266-4d6f-8339-054d62f3317f/3bffb3eb-6aa7-4014-aa88-1c1b946375b9/84321cee-9ded-459b-ae81-8a3ca309f7ae/2cbbecb4-f7bb-4a90-9bfb-e37e04797f26"
                }, {
                    "priority": 0,
                    "id": "fcfcbab7-6c59-4c6b-a6c3-ff9e47d763b3",
                    "text": "圣诞节的快乐是因为有你在我身边，以后的日子里我会让你天天快乐，祝福是属于我们的，这不是承诺是信心。",
                    "path": "295f4b69-6f8b-48b5-9631-eeb908bfa98d/28b60e6b-b266-4d6f-8339-054d62f3317f/3bffb3eb-6aa7-4014-aa88-1c1b946375b9/84321cee-9ded-459b-ae81-8a3ca309f7ae/fcfcbab7-6c59-4c6b-a6c3-ff9e47d763b3"
                }, {
                    "priority": 0,
                    "id": "c83923c8-b829-46cf-9fd9-ec2403f7a41e",
                    "text": "我在圣诞树旁静静的许愿，希望这宁静的夜的我的思念能随着飘絮的心情飞到你的身边，一个你我美好的圣诞夜！",
                    "path": "295f4b69-6f8b-48b5-9631-eeb908bfa98d/28b60e6b-b266-4d6f-8339-054d62f3317f/3bffb3eb-6aa7-4014-aa88-1c1b946375b9/84321cee-9ded-459b-ae81-8a3ca309f7ae/c83923c8-b829-46cf-9fd9-ec2403f7a41e"
                }, {
                    "priority": 0,
                    "id": "201af0fe-8082-410b-81ac-07764b670d0b",
                    "text": "漫天洁白的雪花洋洋洒洒，那是草本盐的精华。我要用它保护好口腔健康，清新快乐的说出对你的祝福：圣诞快乐！",
                    "path": "295f4b69-6f8b-48b5-9631-eeb908bfa98d/28b60e6b-b266-4d6f-8339-054d62f3317f/3bffb3eb-6aa7-4014-aa88-1c1b946375b9/84321cee-9ded-459b-ae81-8a3ca309f7ae/201af0fe-8082-410b-81ac-07764b670d0b"
                }, {
                    "priority": 0,
                    "id": "deb7821b-6db9-4cc3-90da-54dea27cdf79",
                    "text": "美丽的圣诞节，雪夜星光伴着你和我的脸，平安夜的萍果滋润了你我的嘴唇。快乐的你我在新的一年里开出圣诞果实。",
                    "path": "295f4b69-6f8b-48b5-9631-eeb908bfa98d/28b60e6b-b266-4d6f-8339-054d62f3317f/3bffb3eb-6aa7-4014-aa88-1c1b946375b9/84321cee-9ded-459b-ae81-8a3ca309f7ae/deb7821b-6db9-4cc3-90da-54dea27cdf79"
                }, {
                    "priority": 0,
                    "id": "a6581527-9627-468e-8136-7c88f617d9bd",
                    "text": "真快，圣诞的钟声又在耳边响起。今晚我会同前几个不曾与你共度的圣诞夜一样，静静地，用一整晚的时间来思念你！",
                    "path": "295f4b69-6f8b-48b5-9631-eeb908bfa98d/28b60e6b-b266-4d6f-8339-054d62f3317f/3bffb3eb-6aa7-4014-aa88-1c1b946375b9/84321cee-9ded-459b-ae81-8a3ca309f7ae/a6581527-9627-468e-8136-7c88f617d9bd"
                }, {
                    "priority": 0,
                    "id": "2dae953a-1682-4327-8bf4-44a2ce7213dd",
                    "text": "清清的风吹来悠悠的云，悠悠的云含着纷纷的雪，纷纷的雪缠着绵绵的浪漫，绵绵的浪漫陪伴你渡一个浪漫的平安夜。",
                    "path": "295f4b69-6f8b-48b5-9631-eeb908bfa98d/28b60e6b-b266-4d6f-8339-054d62f3317f/3bffb3eb-6aa7-4014-aa88-1c1b946375b9/84321cee-9ded-459b-ae81-8a3ca309f7ae/2dae953a-1682-4327-8bf4-44a2ce7213dd"
                }, {
                    "priority": 0,
                    "id": "23437b67-519b-4619-86de-30c1ac9f844f",
                    "text": "繁星点点，夜色宁静。在你回家的路上送上我真挚的圣诞节祝福。繁星如我，伴你同行。道一声老师，祝你今晚好梦！",
                    "path": "295f4b69-6f8b-48b5-9631-eeb908bfa98d/28b60e6b-b266-4d6f-8339-054d62f3317f/3bffb3eb-6aa7-4014-aa88-1c1b946375b9/84321cee-9ded-459b-ae81-8a3ca309f7ae/23437b67-519b-4619-86de-30c1ac9f844f"
                }, {
                    "priority": 0,
                    "id": "9bc6d927-af91-411c-8fe2-cf4cb00ddbd9",
                    "text": "每一次的感触，每一份的收获，每一秒的流过，每一次节日的问候，都代表着对朋友们的思念与祝福——-圣诞节快乐！",
                    "path": "295f4b69-6f8b-48b5-9631-eeb908bfa98d/28b60e6b-b266-4d6f-8339-054d62f3317f/3bffb3eb-6aa7-4014-aa88-1c1b946375b9/84321cee-9ded-459b-ae81-8a3ca309f7ae/9bc6d927-af91-411c-8fe2-cf4cb00ddbd9"
                }, {
                    "priority": 0,
                    "id": "0877fccb-d0f3-494c-befc-9068a52517e9",
                    "text": "以前的圣诞节，总是认为圣诞老人不会将最好的礼物降临给我，但今年的圣诞节不同，有你的到来，让我永远记住今天。",
                    "path": "295f4b69-6f8b-48b5-9631-eeb908bfa98d/28b60e6b-b266-4d6f-8339-054d62f3317f/3bffb3eb-6aa7-4014-aa88-1c1b946375b9/84321cee-9ded-459b-ae81-8a3ca309f7ae/0877fccb-d0f3-494c-befc-9068a52517e9"
                }, {
                    "priority": 0,
                    "id": "d4bf4c6b-2609-4c54-8181-544fbcb8eaaa",
                    "text": "哥们，圣诞夜你要请我吃饭，假如不满足我的要求，我要把你的手机号码写在墙上，前面加两个字——办证！圣诞快乐！",
                    "path": "295f4b69-6f8b-48b5-9631-eeb908bfa98d/28b60e6b-b266-4d6f-8339-054d62f3317f/3bffb3eb-6aa7-4014-aa88-1c1b946375b9/84321cee-9ded-459b-ae81-8a3ca309f7ae/d4bf4c6b-2609-4c54-8181-544fbcb8eaaa"
                }, {
                    "priority": 0,
                    "id": "df58f8db-2378-4940-b4fe-e19b14bd20cd",
                    "text": "圣诞老人留言：因昨晚没有袜子装礼物，只好折成现金存入你的账户？请务必在一小时内查询六次信用卡账户，即可到账！",
                    "path": "295f4b69-6f8b-48b5-9631-eeb908bfa98d/28b60e6b-b266-4d6f-8339-054d62f3317f/3bffb3eb-6aa7-4014-aa88-1c1b946375b9/84321cee-9ded-459b-ae81-8a3ca309f7ae/df58f8db-2378-4940-b4fe-e19b14bd20cd"
                }, {
                    "priority": 0,
                    "id": "41e17f82-0ecc-4cad-83ba-694de57b2e46",
                    "text": "往年的圣诞节都是听着同样的音乐，吃着同样的食物；而今年的圣诞节因为有了你的存在，而变的那么的与众不同。我爱你。",
                    "path": "295f4b69-6f8b-48b5-9631-eeb908bfa98d/28b60e6b-b266-4d6f-8339-054d62f3317f/3bffb3eb-6aa7-4014-aa88-1c1b946375b9/84321cee-9ded-459b-ae81-8a3ca309f7ae/41e17f82-0ecc-4cad-83ba-694de57b2e46"
                }, {
                    "priority": 0,
                    "id": "68ddde1b-6a7d-4ed2-8788-38c27eb694a2",
                    "text": "夜幕有星星显得迷人，大海有涛声显得渊博，冬季有雪花倍感浪漫，朋友中有你深感幸福！把最美好的祝福送给你，圣诞快乐！",
                    "path": "295f4b69-6f8b-48b5-9631-eeb908bfa98d/28b60e6b-b266-4d6f-8339-054d62f3317f/3bffb3eb-6aa7-4014-aa88-1c1b946375b9/84321cee-9ded-459b-ae81-8a3ca309f7ae/68ddde1b-6a7d-4ed2-8788-38c27eb694a2"
                }, {
                    "priority": 0,
                    "id": "1c606c3e-36ad-4299-a748-45fbb1f3ca30",
                    "text": "我想变成一棵树，一棵只为你存在的圣诞树，用我的真心和爱心装扮它，用我的祝福和祈祷点缀他，祝圣诞快乐，天天好心情！",
                    "path": "295f4b69-6f8b-48b5-9631-eeb908bfa98d/28b60e6b-b266-4d6f-8339-054d62f3317f/3bffb3eb-6aa7-4014-aa88-1c1b946375b9/84321cee-9ded-459b-ae81-8a3ca309f7ae/1c606c3e-36ad-4299-a748-45fbb1f3ca30"
                }, {
                    "priority": 0,
                    "id": "6b783576-68aa-43d8-8c5f-9aafe8303ad8",
                    "text": "我让爱的祝福化作片片晶莹的雪花，亲吻你的脸颊，溶入你的心里，我默默祈祷，愿你在这个特别的时候开心快乐，永远幸福！",
                    "path": "295f4b69-6f8b-48b5-9631-eeb908bfa98d/28b60e6b-b266-4d6f-8339-054d62f3317f/3bffb3eb-6aa7-4014-aa88-1c1b946375b9/84321cee-9ded-459b-ae81-8a3ca309f7ae/6b783576-68aa-43d8-8c5f-9aafe8303ad8"
                }, {
                    "priority": 0,
                    "id": "579fbdfe-0396-4d55-bf61-1017ed103a69",
                    "text": "圣诞是这样美好的时光：炉火熊熊，花儿芬芳，醇酒飘香，殷殷祝福，美好回忆，恩爱日新。即便没有一切，只要有爱便足矣。",
                    "path": "295f4b69-6f8b-48b5-9631-eeb908bfa98d/28b60e6b-b266-4d6f-8339-054d62f3317f/3bffb3eb-6aa7-4014-aa88-1c1b946375b9/84321cee-9ded-459b-ae81-8a3ca309f7ae/579fbdfe-0396-4d55-bf61-1017ed103a69"
                }, {
                    "priority": 0,
                    "id": "91e56b6e-ba11-4b6d-b841-ded4927f296a",
                    "text": "这条短信，收到就行；要是再忙，不回也行；今天的你，快乐就行；记得call我，偶尔就行；看完之后，笑笑就行：）圣诞快乐！",
                    "path": "295f4b69-6f8b-48b5-9631-eeb908bfa98d/28b60e6b-b266-4d6f-8339-054d62f3317f/3bffb3eb-6aa7-4014-aa88-1c1b946375b9/84321cee-9ded-459b-ae81-8a3ca309f7ae/91e56b6e-ba11-4b6d-b841-ded4927f296a"
                }, {
                    "priority": 0,
                    "id": "c5c7bd9e-bc9e-4eb6-8c96-3fd5146abe06",
                    "text": "以健康为圆心，以快乐为半径，送你一个幸福的胜蛋。蛋愿烦恼远离你，困难错过你；蛋愿好运爱上你，财富缠绕你！圣诞快乐！",
                    "path": "295f4b69-6f8b-48b5-9631-eeb908bfa98d/28b60e6b-b266-4d6f-8339-054d62f3317f/3bffb3eb-6aa7-4014-aa88-1c1b946375b9/84321cee-9ded-459b-ae81-8a3ca309f7ae/c5c7bd9e-bc9e-4eb6-8c96-3fd5146abe06"
                }, {
                    "priority": 0,
                    "id": "7981520b-160b-42b1-8a2b-87c5707f9829",
                    "text": "送你一朵六角雪花：一角携着幸福，一角携着快乐，一角携着开心，一角携着浪漫，一角携着甜蜜，一角携着祝福，祝你圣诞快乐！",
                    "path": "295f4b69-6f8b-48b5-9631-eeb908bfa98d/28b60e6b-b266-4d6f-8339-054d62f3317f/3bffb3eb-6aa7-4014-aa88-1c1b946375b9/84321cee-9ded-459b-ae81-8a3ca309f7ae/7981520b-160b-42b1-8a2b-87c5707f9829"
                }, {
                    "priority": 0,
                    "id": "c606ba01-8b97-4f1d-aa12-47e2dd233840",
                    "text": "我默默地祈祷，愿圣诞老人能在这个即将到来的圣诞之夜，送我一个同我牵手同伴共同度过这奇妙的圣诞夜，结果它将你送给了我。",
                    "path": "295f4b69-6f8b-48b5-9631-eeb908bfa98d/28b60e6b-b266-4d6f-8339-054d62f3317f/3bffb3eb-6aa7-4014-aa88-1c1b946375b9/84321cee-9ded-459b-ae81-8a3ca309f7ae/c606ba01-8b97-4f1d-aa12-47e2dd233840"
                }, {
                    "priority": 0,
                    "id": "6e68afa3-9916-426e-8715-e65c03482ce9",
                    "text": "\"平安夜，平安夜，平平安安快乐夜！平安你，平安我，平安他，平平安安是大家！今夜，我深深的祝福我的朋友：平安夜里请多快乐！ \"",
                    "path": "295f4b69-6f8b-48b5-9631-eeb908bfa98d/28b60e6b-b266-4d6f-8339-054d62f3317f/3bffb3eb-6aa7-4014-aa88-1c1b946375b9/84321cee-9ded-459b-ae81-8a3ca309f7ae/6e68afa3-9916-426e-8715-e65c03482ce9"
                }, {
                    "priority": 0,
                    "id": "c67e02ac-4395-4b45-9d6c-0129e5753a9a",
                    "text": "叮叮当叮叮当，手机的铃声响叮当；温暖笑容挂脸上，祝福话语在心房；小小短信来几行，字字都是喜洋洋！祝你圣诞快乐、幸福绵长！",
                    "path": "295f4b69-6f8b-48b5-9631-eeb908bfa98d/28b60e6b-b266-4d6f-8339-054d62f3317f/3bffb3eb-6aa7-4014-aa88-1c1b946375b9/84321cee-9ded-459b-ae81-8a3ca309f7ae/c67e02ac-4395-4b45-9d6c-0129e5753a9a"
                }, {
                    "priority": 0,
                    "id": "7bbc48cd-eb9f-4bbc-a02b-80884a18a4e9",
                    "text": "节日的号角吹响，浪漫的烛光登场。欢乐的舞步跳起，轻快的音乐奏响。幸福的火花点燃，圣诞的祝福送上。祝你圣诞快乐，永远幸福！",
                    "path": "295f4b69-6f8b-48b5-9631-eeb908bfa98d/28b60e6b-b266-4d6f-8339-054d62f3317f/3bffb3eb-6aa7-4014-aa88-1c1b946375b9/84321cee-9ded-459b-ae81-8a3ca309f7ae/7bbc48cd-eb9f-4bbc-a02b-80884a18a4e9"
                }, {
                    "priority": 0,
                    "id": "c98586d8-4b02-4064-8829-5d22546793cc",
                    "text": "风飘着醉人的钟声，每一声都是我对你的祝福，愿我的祝福化成点点星光，在这个圣诞夜里陪伴你，过一个美好的圣诞夜，祝你圣诞快乐！",
                    "path": "295f4b69-6f8b-48b5-9631-eeb908bfa98d/28b60e6b-b266-4d6f-8339-054d62f3317f/3bffb3eb-6aa7-4014-aa88-1c1b946375b9/84321cee-9ded-459b-ae81-8a3ca309f7ae/c98586d8-4b02-4064-8829-5d22546793cc"
                }, {
                    "priority": 0,
                    "id": "e666c381-d94d-4ad9-add1-48ef8e62d2b4",
                    "text": "通知：今年圣诞节，想要礼物的朋友们，请登陆圣诞老人博客，凭积分点击下载礼物券。转发此信息可获取积分，下载密码是：圣诞快乐！",
                    "path": "295f4b69-6f8b-48b5-9631-eeb908bfa98d/28b60e6b-b266-4d6f-8339-054d62f3317f/3bffb3eb-6aa7-4014-aa88-1c1b946375b9/84321cee-9ded-459b-ae81-8a3ca309f7ae/e666c381-d94d-4ad9-add1-48ef8e62d2b4"
                }, {
                    "priority": 0,
                    "id": "5f75da72-4290-4df7-b106-18e80561de61",
                    "text": "欢乐圣诞佳音，人们好疯狂。送祝福，送希望，送来好运年年旺。短信到，平安祥，圣诞快乐喜洋洋。你也欢，他也畅，迎来幸福万年长。",
                    "path": "295f4b69-6f8b-48b5-9631-eeb908bfa98d/28b60e6b-b266-4d6f-8339-054d62f3317f/3bffb3eb-6aa7-4014-aa88-1c1b946375b9/84321cee-9ded-459b-ae81-8a3ca309f7ae/5f75da72-4290-4df7-b106-18e80561de61"
                }, {
                    "priority": 0,
                    "id": "1f6267f0-a7c1-4139-9478-7e20da236f5e",
                    "text": "今年圣诞节我只能形单影只地一个人度过。孤单冷清的感觉实在难受，如果圣诞老人可以把你送到我身边就好了…我是萨达姆，圣诞快乐！",
                    "path": "295f4b69-6f8b-48b5-9631-eeb908bfa98d/28b60e6b-b266-4d6f-8339-054d62f3317f/3bffb3eb-6aa7-4014-aa88-1c1b946375b9/84321cee-9ded-459b-ae81-8a3ca309f7ae/1f6267f0-a7c1-4139-9478-7e20da236f5e"
                }, {
                    "priority": 0,
                    "id": "9b908068-9ef6-4fec-a626-df99795730c7",
                    "text": "\"今年圣诞节我只能形单影只地一个人度过。孤单冷清的感觉实在难受，如果圣诞老人可以把你送到我身边就好了…我是萨达姆，圣诞快乐！ \"",
                    "path": "295f4b69-6f8b-48b5-9631-eeb908bfa98d/28b60e6b-b266-4d6f-8339-054d62f3317f/3bffb3eb-6aa7-4014-aa88-1c1b946375b9/84321cee-9ded-459b-ae81-8a3ca309f7ae/9b908068-9ef6-4fec-a626-df99795730c7"
                }, {
                    "priority": 0,
                    "id": "420aaa5c-c369-440b-a2a5-a35382ee57aa",
                    "text": "春花秋月何时了，节日知多少？圣诞马上又来到，国外过节我们何须笑。问君能有几多愁，恰似一堆节日过不休。也罢，随大流！圣诞快乐！",
                    "path": "295f4b69-6f8b-48b5-9631-eeb908bfa98d/28b60e6b-b266-4d6f-8339-054d62f3317f/3bffb3eb-6aa7-4014-aa88-1c1b946375b9/84321cee-9ded-459b-ae81-8a3ca309f7ae/420aaa5c-c369-440b-a2a5-a35382ee57aa"
                }],
                "text": "群发消息？",
                "path": "295f4b69-6f8b-48b5-9631-eeb908bfa98d/28b60e6b-b266-4d6f-8339-054d62f3317f/3bffb3eb-6aa7-4014-aa88-1c1b946375b9/84321cee-9ded-459b-ae81-8a3ca309f7ae"
            }, {
                "priority": 2,
                "id": "3b1ab768-c612-44af-9acd-58c0a7911651",
                "statements": [{
                    "priority": 0,
                    "id": "9d569c42-c222-4e59-9e18-aaf58d73e187",
                    "text": "略略略略略略略略略略略略略略",
                    "path": "295f4b69-6f8b-48b5-9631-eeb908bfa98d/28b60e6b-b266-4d6f-8339-054d62f3317f/3bffb3eb-6aa7-4014-aa88-1c1b946375b9/3b1ab768-c612-44af-9acd-58c0a7911651/9d569c42-c222-4e59-9e18-aaf58d73e187"
                }, {
                    "priority": 0,
                    "id": "988e12e5-700e-4458-a186-fd53e7dba8ff",
                    "text": "略略略略略略略",
                    "path": "295f4b69-6f8b-48b5-9631-eeb908bfa98d/28b60e6b-b266-4d6f-8339-054d62f3317f/3bffb3eb-6aa7-4014-aa88-1c1b946375b9/3b1ab768-c612-44af-9acd-58c0a7911651/988e12e5-700e-4458-a186-fd53e7dba8ff"
                }, {
                    "priority": 0,
                    "id": "52f8bc4e-2b02-4e2c-9ac5-0e22b98256d4",
                    "text": "略略略略略略略口区",
                    "path": "295f4b69-6f8b-48b5-9631-eeb908bfa98d/28b60e6b-b266-4d6f-8339-054d62f3317f/3bffb3eb-6aa7-4014-aa88-1c1b946375b9/3b1ab768-c612-44af-9acd-58c0a7911651/52f8bc4e-2b02-4e2c-9ac5-0e22b98256d4"
                }, {
                    "priority": 0,
                    "id": "ed6cb692-ab46-4a4c-ab86-b1eb6d8b60e3",
                    "text": "略略略略略",
                    "path": "295f4b69-6f8b-48b5-9631-eeb908bfa98d/28b60e6b-b266-4d6f-8339-054d62f3317f/3bffb3eb-6aa7-4014-aa88-1c1b946375b9/3b1ab768-c612-44af-9acd-58c0a7911651/ed6cb692-ab46-4a4c-ab86-b1eb6d8b60e3"
                }, {
                    "priority": 0,
                    "id": "7538f5f2-3bb4-4869-a8f7-ad58a8dcc916",
                    "text": "略略略略略略略略略略略略略略略略略",
                    "path": "295f4b69-6f8b-48b5-9631-eeb908bfa98d/28b60e6b-b266-4d6f-8339-054d62f3317f/3bffb3eb-6aa7-4014-aa88-1c1b946375b9/3b1ab768-c612-44af-9acd-58c0a7911651/7538f5f2-3bb4-4869-a8f7-ad58a8dcc916"
                }, {
                    "priority": 0,
                    "id": "d46f2c9d-ae7a-4f6a-a579-341ce096ec8b",
                    "text": "略略略略略略不听",
                    "path": "295f4b69-6f8b-48b5-9631-eeb908bfa98d/28b60e6b-b266-4d6f-8339-054d62f3317f/3bffb3eb-6aa7-4014-aa88-1c1b946375b9/3b1ab768-c612-44af-9acd-58c0a7911651/d46f2c9d-ae7a-4f6a-a579-341ce096ec8b"
                }, {
                    "priority": 0,
                    "id": "8cfa52cf-2e46-4859-a607-280761475c09",
                    "text": "略略略",
                    "path": "295f4b69-6f8b-48b5-9631-eeb908bfa98d/28b60e6b-b266-4d6f-8339-054d62f3317f/3bffb3eb-6aa7-4014-aa88-1c1b946375b9/3b1ab768-c612-44af-9acd-58c0a7911651/8cfa52cf-2e46-4859-a607-280761475c09"
                }, {
                    "priority": 0,
                    "id": "2ba97a18-abbe-414d-a999-01a6d654dfad",
                    "text": "略略 略略 略略略略略略",
                    "path": "295f4b69-6f8b-48b5-9631-eeb908bfa98d/28b60e6b-b266-4d6f-8339-054d62f3317f/3bffb3eb-6aa7-4014-aa88-1c1b946375b9/3b1ab768-c612-44af-9acd-58c0a7911651/2ba97a18-abbe-414d-a999-01a6d654dfad"
                }, {
                    "priority": 0,
                    "id": "070ca7c4-7844-4f23-8449-86eda7da64c2",
                    "text": "略   略略略略略略略略略",
                    "path": "295f4b69-6f8b-48b5-9631-eeb908bfa98d/28b60e6b-b266-4d6f-8339-054d62f3317f/3bffb3eb-6aa7-4014-aa88-1c1b946375b9/3b1ab768-c612-44af-9acd-58c0a7911651/070ca7c4-7844-4f23-8449-86eda7da64c2"
                }, {
                    "priority": 0,
                    "id": "27030e8c-f174-474b-93c5-4dfc442dc41b",
                    "text": "略略略略略  略略略略略略  略略略略",
                    "path": "295f4b69-6f8b-48b5-9631-eeb908bfa98d/28b60e6b-b266-4d6f-8339-054d62f3317f/3bffb3eb-6aa7-4014-aa88-1c1b946375b9/3b1ab768-c612-44af-9acd-58c0a7911651/27030e8c-f174-474b-93c5-4dfc442dc41b"
                }, {
                    "priority": 0,
                    "id": "9708845d-cbc4-41f3-8683-00afa259ed13",
                    "text": "略略略略略略略略略略略略略略略略略听不到",
                    "path": "295f4b69-6f8b-48b5-9631-eeb908bfa98d/28b60e6b-b266-4d6f-8339-054d62f3317f/3bffb3eb-6aa7-4014-aa88-1c1b946375b9/3b1ab768-c612-44af-9acd-58c0a7911651/9708845d-cbc4-41f3-8683-00afa259ed13"
                }, {
                    "priority": 0,
                    "id": "5dc8052b-01c5-4005-bd22-741b92c53991",
                    "text": "略略  略略略略略  略略略略略",
                    "path": "295f4b69-6f8b-48b5-9631-eeb908bfa98d/28b60e6b-b266-4d6f-8339-054d62f3317f/3bffb3eb-6aa7-4014-aa88-1c1b946375b9/3b1ab768-c612-44af-9acd-58c0a7911651/5dc8052b-01c5-4005-bd22-741b92c53991"
                }, {
                    "priority": 0,
                    "id": "51236da7-d7dd-46a2-bc35-089667bf2145",
                    "text": "呸呸 呸略略 略略略略略",
                    "path": "295f4b69-6f8b-48b5-9631-eeb908bfa98d/28b60e6b-b266-4d6f-8339-054d62f3317f/3bffb3eb-6aa7-4014-aa88-1c1b946375b9/3b1ab768-c612-44af-9acd-58c0a7911651/51236da7-d7dd-46a2-bc35-089667bf2145"
                }, {
                    "priority": 0,
                    "id": "2656058e-a233-4e2e-ab7f-160e5ec88f22",
                    "text": "略略略略略略略略略略略略略略略略略略略略",
                    "path": "295f4b69-6f8b-48b5-9631-eeb908bfa98d/28b60e6b-b266-4d6f-8339-054d62f3317f/3bffb3eb-6aa7-4014-aa88-1c1b946375b9/3b1ab768-c612-44af-9acd-58c0a7911651/2656058e-a233-4e2e-ab7f-160e5ec88f22"
                }, {
                    "priority": 0,
                    "id": "6d40d632-c5b2-4e62-805d-3bf13e990378",
                    "text": "略略略 略略略略略略略 略略略略略略",
                    "path": "295f4b69-6f8b-48b5-9631-eeb908bfa98d/28b60e6b-b266-4d6f-8339-054d62f3317f/3bffb3eb-6aa7-4014-aa88-1c1b946375b9/3b1ab768-c612-44af-9acd-58c0a7911651/6d40d632-c5b2-4e62-805d-3bf13e990378"
                }, {
                    "priority": 0,
                    "id": "f8723695-6225-49d0-a6eb-9d541dd62211",
                    "text": "略略略略",
                    "path": "295f4b69-6f8b-48b5-9631-eeb908bfa98d/28b60e6b-b266-4d6f-8339-054d62f3317f/3bffb3eb-6aa7-4014-aa88-1c1b946375b9/3b1ab768-c612-44af-9acd-58c0a7911651/f8723695-6225-49d0-a6eb-9d541dd62211"
                }, {
                    "priority": 0,
                    "id": "f20fcc6c-72dd-454a-9421-318c0fbddbe5",
                    "text": "略略略略略略略略略略略略略 略略",
                    "path": "295f4b69-6f8b-48b5-9631-eeb908bfa98d/28b60e6b-b266-4d6f-8339-054d62f3317f/3bffb3eb-6aa7-4014-aa88-1c1b946375b9/3b1ab768-c612-44af-9acd-58c0a7911651/f20fcc6c-72dd-454a-9421-318c0fbddbe5"
                }],
                "text": "略略略",
                "path": "295f4b69-6f8b-48b5-9631-eeb908bfa98d/28b60e6b-b266-4d6f-8339-054d62f3317f/3bffb3eb-6aa7-4014-aa88-1c1b946375b9/3b1ab768-c612-44af-9acd-58c0a7911651"
            }, {
                "priority": 3,
                "id": "e20e901b-7434-45ab-8e8b-d500f0765fcc",
                "statements": [{
                    "priority": 0,
                    "id": "14ece8b2-c7e2-4602-a359-c7d703e40357",
                    "text": "你发了啥，看不见啊",
                    "path": "295f4b69-6f8b-48b5-9631-eeb908bfa98d/28b60e6b-b266-4d6f-8339-054d62f3317f/3bffb3eb-6aa7-4014-aa88-1c1b946375b9/e20e901b-7434-45ab-8e8b-d500f0765fcc/14ece8b2-c7e2-4602-a359-c7d703e40357"
                }, {
                    "priority": 0,
                    "id": "2fb3202a-9e92-452b-b291-519387aa0a51",
                    "text": "你说什么杰宝，我听不到",
                    "path": "295f4b69-6f8b-48b5-9631-eeb908bfa98d/28b60e6b-b266-4d6f-8339-054d62f3317f/3bffb3eb-6aa7-4014-aa88-1c1b946375b9/e20e901b-7434-45ab-8e8b-d500f0765fcc/2fb3202a-9e92-452b-b291-519387aa0a51"
                }, {
                    "priority": 0,
                    "id": "3d36d358-0f86-4df3-8ffa-27407b0827f5",
                    "text": "你说什么我听不到",
                    "path": "295f4b69-6f8b-48b5-9631-eeb908bfa98d/28b60e6b-b266-4d6f-8339-054d62f3317f/3bffb3eb-6aa7-4014-aa88-1c1b946375b9/e20e901b-7434-45ab-8e8b-d500f0765fcc/3d36d358-0f86-4df3-8ffa-27407b0827f5"
                }, {
                    "priority": 0,
                    "id": "9c7cea29-857e-4d82-abb7-81880ea361d7",
                    "text": "你说什么？我没戴眼镜听不清楚",
                    "path": "295f4b69-6f8b-48b5-9631-eeb908bfa98d/28b60e6b-b266-4d6f-8339-054d62f3317f/3bffb3eb-6aa7-4014-aa88-1c1b946375b9/e20e901b-7434-45ab-8e8b-d500f0765fcc/9c7cea29-857e-4d82-abb7-81880ea361d7"
                }, {
                    "priority": 0,
                    "id": "3c691ffb-c763-47e2-95b0-09481ebd38d0",
                    "text": "年轻人，我耳朵不好",
                    "path": "295f4b69-6f8b-48b5-9631-eeb908bfa98d/28b60e6b-b266-4d6f-8339-054d62f3317f/3bffb3eb-6aa7-4014-aa88-1c1b946375b9/e20e901b-7434-45ab-8e8b-d500f0765fcc/3c691ffb-c763-47e2-95b0-09481ebd38d0"
                }, {
                    "priority": 0,
                    "id": "c72cfc79-70af-4aaa-88a4-3b2fabbe330b",
                    "text": "你说啥，再说一遍",
                    "path": "295f4b69-6f8b-48b5-9631-eeb908bfa98d/28b60e6b-b266-4d6f-8339-054d62f3317f/3bffb3eb-6aa7-4014-aa88-1c1b946375b9/e20e901b-7434-45ab-8e8b-d500f0765fcc/c72cfc79-70af-4aaa-88a4-3b2fabbe330b"
                }, {
                    "priority": 0,
                    "id": "924c691b-cfc8-4f55-93b3-c82ba430a637",
                    "text": "随你怎么说，反正我听不见",
                    "path": "295f4b69-6f8b-48b5-9631-eeb908bfa98d/28b60e6b-b266-4d6f-8339-054d62f3317f/3bffb3eb-6aa7-4014-aa88-1c1b946375b9/e20e901b-7434-45ab-8e8b-d500f0765fcc/924c691b-cfc8-4f55-93b3-c82ba430a637"
                }, {
                    "priority": 0,
                    "id": "cad25c17-d741-408e-a392-4e3c941f5085",
                    "text": "你说啥？冰箱里信号不好",
                    "path": "295f4b69-6f8b-48b5-9631-eeb908bfa98d/28b60e6b-b266-4d6f-8339-054d62f3317f/3bffb3eb-6aa7-4014-aa88-1c1b946375b9/e20e901b-7434-45ab-8e8b-d500f0765fcc/cad25c17-d741-408e-a392-4e3c941f5085"
                }, {
                    "priority": 0,
                    "id": "2df1c43f-b0c9-4463-81f2-3e9df559247c",
                    "text": "风太大，我听不见",
                    "path": "295f4b69-6f8b-48b5-9631-eeb908bfa98d/28b60e6b-b266-4d6f-8339-054d62f3317f/3bffb3eb-6aa7-4014-aa88-1c1b946375b9/e20e901b-7434-45ab-8e8b-d500f0765fcc/2df1c43f-b0c9-4463-81f2-3e9df559247c"
                }, {
                    "priority": 0,
                    "id": "ace3183c-0ae8-4064-afb4-24b7890fb82e",
                    "text": "喂，喂，信号不好啊，听不到",
                    "path": "295f4b69-6f8b-48b5-9631-eeb908bfa98d/28b60e6b-b266-4d6f-8339-054d62f3317f/3bffb3eb-6aa7-4014-aa88-1c1b946375b9/e20e901b-7434-45ab-8e8b-d500f0765fcc/ace3183c-0ae8-4064-afb4-24b7890fb82e"
                }, {
                    "priority": 0,
                    "id": "37211907-5557-49ef-bd9e-bfcacf6d4da4",
                    "text": "什么马？什么梅？马什么？",
                    "path": "295f4b69-6f8b-48b5-9631-eeb908bfa98d/28b60e6b-b266-4d6f-8339-054d62f3317f/3bffb3eb-6aa7-4014-aa88-1c1b946375b9/e20e901b-7434-45ab-8e8b-d500f0765fcc/37211907-5557-49ef-bd9e-bfcacf6d4da4"
                }, {
                    "priority": 0,
                    "id": "40825cb3-8d7f-4aa9-9287-ccd7e7cc2eed",
                    "text": "你说啥，我听不清",
                    "path": "295f4b69-6f8b-48b5-9631-eeb908bfa98d/28b60e6b-b266-4d6f-8339-054d62f3317f/3bffb3eb-6aa7-4014-aa88-1c1b946375b9/e20e901b-7434-45ab-8e8b-d500f0765fcc/40825cb3-8d7f-4aa9-9287-ccd7e7cc2eed"
                }, {
                    "priority": 0,
                    "id": "e253ef18-863d-45da-843b-d101b043acad",
                    "text": "我眼睛瞎了，听不到",
                    "path": "295f4b69-6f8b-48b5-9631-eeb908bfa98d/28b60e6b-b266-4d6f-8339-054d62f3317f/3bffb3eb-6aa7-4014-aa88-1c1b946375b9/e20e901b-7434-45ab-8e8b-d500f0765fcc/e253ef18-863d-45da-843b-d101b043acad"
                }, {
                    "priority": 0,
                    "id": "ee8513b9-d368-41ab-982c-8a0e997dc101",
                    "text": "我仿佛听到了某种声音",
                    "path": "295f4b69-6f8b-48b5-9631-eeb908bfa98d/28b60e6b-b266-4d6f-8339-054d62f3317f/3bffb3eb-6aa7-4014-aa88-1c1b946375b9/e20e901b-7434-45ab-8e8b-d500f0765fcc/ee8513b9-d368-41ab-982c-8a0e997dc101"
                }, {
                    "priority": 0,
                    "id": "4ce4411d-9b5b-4f58-adc6-d74bcade0d4a",
                    "text": "认真写毕业论文的我什么也听不到",
                    "path": "295f4b69-6f8b-48b5-9631-eeb908bfa98d/28b60e6b-b266-4d6f-8339-054d62f3317f/3bffb3eb-6aa7-4014-aa88-1c1b946375b9/e20e901b-7434-45ab-8e8b-d500f0765fcc/4ce4411d-9b5b-4f58-adc6-d74bcade0d4a"
                }, {
                    "priority": 0,
                    "id": "d5973029-f644-4e07-a1cb-3ff631bc1eaf",
                    "text": "你看不到我，我听不到你",
                    "path": "295f4b69-6f8b-48b5-9631-eeb908bfa98d/28b60e6b-b266-4d6f-8339-054d62f3317f/3bffb3eb-6aa7-4014-aa88-1c1b946375b9/e20e901b-7434-45ab-8e8b-d500f0765fcc/d5973029-f644-4e07-a1cb-3ff631bc1eaf"
                }, {
                    "priority": 0,
                    "id": "fa7daf72-edee-40f7-a278-648d48b77414",
                    "text": "歪？听不到，我还在睡觉",
                    "path": "295f4b69-6f8b-48b5-9631-eeb908bfa98d/28b60e6b-b266-4d6f-8339-054d62f3317f/3bffb3eb-6aa7-4014-aa88-1c1b946375b9/e20e901b-7434-45ab-8e8b-d500f0765fcc/fa7daf72-edee-40f7-a278-648d48b77414"
                }, {
                    "priority": 0,
                    "id": "37013046-e80f-4a45-b2cd-aae3e6ebb1f5",
                    "text": "认真打王者荣耀的我什么也听不到",
                    "path": "295f4b69-6f8b-48b5-9631-eeb908bfa98d/28b60e6b-b266-4d6f-8339-054d62f3317f/3bffb3eb-6aa7-4014-aa88-1c1b946375b9/e20e901b-7434-45ab-8e8b-d500f0765fcc/37013046-e80f-4a45-b2cd-aae3e6ebb1f5"
                }, {
                    "priority": 0,
                    "id": "0f1b0ea8-ca9d-43c8-9b6d-e9cde9c6e571",
                    "text": "你在说什么我看不到",
                    "path": "295f4b69-6f8b-48b5-9631-eeb908bfa98d/28b60e6b-b266-4d6f-8339-054d62f3317f/3bffb3eb-6aa7-4014-aa88-1c1b946375b9/e20e901b-7434-45ab-8e8b-d500f0765fcc/0f1b0ea8-ca9d-43c8-9b6d-e9cde9c6e571"
                }, {
                    "priority": 0,
                    "id": "1e566344-2f82-4558-8d47-9430009b07f9",
                    "text": "眼睛被遮住了 听不清你在讲什么",
                    "path": "295f4b69-6f8b-48b5-9631-eeb908bfa98d/28b60e6b-b266-4d6f-8339-054d62f3317f/3bffb3eb-6aa7-4014-aa88-1c1b946375b9/e20e901b-7434-45ab-8e8b-d500f0765fcc/1e566344-2f82-4558-8d47-9430009b07f9"
                }, {
                    "priority": 0,
                    "id": "a924fef0-4036-4a50-a635-984e3b198041",
                    "text": "大声点 我听不到",
                    "path": "295f4b69-6f8b-48b5-9631-eeb908bfa98d/28b60e6b-b266-4d6f-8339-054d62f3317f/3bffb3eb-6aa7-4014-aa88-1c1b946375b9/e20e901b-7434-45ab-8e8b-d500f0765fcc/a924fef0-4036-4a50-a635-984e3b198041"
                }, {
                    "priority": 0,
                    "id": "740d6302-842b-400f-b031-4c3e79ca9af6",
                    "text": "你说莫比啊？老子听不到！",
                    "path": "295f4b69-6f8b-48b5-9631-eeb908bfa98d/28b60e6b-b266-4d6f-8339-054d62f3317f/3bffb3eb-6aa7-4014-aa88-1c1b946375b9/e20e901b-7434-45ab-8e8b-d500f0765fcc/740d6302-842b-400f-b031-4c3e79ca9af6"
                }],
                "text": "我不听！",
                "path": "295f4b69-6f8b-48b5-9631-eeb908bfa98d/28b60e6b-b266-4d6f-8339-054d62f3317f/3bffb3eb-6aa7-4014-aa88-1c1b946375b9/e20e901b-7434-45ab-8e8b-d500f0765fcc"
            }, {
                "priority": 4,
                "id": "d8b30e49-4375-4e16-a7b1-b6da32cb2a3f",
                "statements": [{
                    "priority": 0,
                    "id": "9457b36f-fa3b-4f78-b4ba-332b57afd501",
                    "text": "你说了这么多，我一句也没听懂",
                    "path": "295f4b69-6f8b-48b5-9631-eeb908bfa98d/28b60e6b-b266-4d6f-8339-054d62f3317f/3bffb3eb-6aa7-4014-aa88-1c1b946375b9/d8b30e49-4375-4e16-a7b1-b6da32cb2a3f/9457b36f-fa3b-4f78-b4ba-332b57afd501"
                }, {
                    "priority": 0,
                    "id": "e104c297-3fa2-4cf9-b53c-25a3a1797efc",
                    "text": "我咋都听不懂",
                    "path": "295f4b69-6f8b-48b5-9631-eeb908bfa98d/28b60e6b-b266-4d6f-8339-054d62f3317f/3bffb3eb-6aa7-4014-aa88-1c1b946375b9/d8b30e49-4375-4e16-a7b1-b6da32cb2a3f/e104c297-3fa2-4cf9-b53c-25a3a1797efc"
                }, {
                    "priority": 0,
                    "id": "27254e2d-4044-4e6d-a77f-af930b279527",
                    "text": "你说啥，我听不懂",
                    "path": "295f4b69-6f8b-48b5-9631-eeb908bfa98d/28b60e6b-b266-4d6f-8339-054d62f3317f/3bffb3eb-6aa7-4014-aa88-1c1b946375b9/d8b30e49-4375-4e16-a7b1-b6da32cb2a3f/27254e2d-4044-4e6d-a77f-af930b279527"
                }, {
                    "priority": 0,
                    "id": "a1385461-85aa-443c-9cf1-344aa4e87b1e",
                    "text": "你在说什么，我假装听不懂",
                    "path": "295f4b69-6f8b-48b5-9631-eeb908bfa98d/28b60e6b-b266-4d6f-8339-054d62f3317f/3bffb3eb-6aa7-4014-aa88-1c1b946375b9/d8b30e49-4375-4e16-a7b1-b6da32cb2a3f/a1385461-85aa-443c-9cf1-344aa4e87b1e"
                }, {
                    "priority": 0,
                    "id": "b8d67615-f71b-4df9-ab78-8c2e5396e67a",
                    "text": "叫你安静听不懂啊",
                    "path": "295f4b69-6f8b-48b5-9631-eeb908bfa98d/28b60e6b-b266-4d6f-8339-054d62f3317f/3bffb3eb-6aa7-4014-aa88-1c1b946375b9/d8b30e49-4375-4e16-a7b1-b6da32cb2a3f/b8d67615-f71b-4df9-ab78-8c2e5396e67a"
                }, {
                    "priority": 0,
                    "id": "e1011730-d94b-49c1-8e36-47334dabaebd",
                    "text": "你让我说点什么好..",
                    "path": "295f4b69-6f8b-48b5-9631-eeb908bfa98d/28b60e6b-b266-4d6f-8339-054d62f3317f/3bffb3eb-6aa7-4014-aa88-1c1b946375b9/d8b30e49-4375-4e16-a7b1-b6da32cb2a3f/e1011730-d94b-49c1-8e36-47334dabaebd"
                }, {
                    "priority": 0,
                    "id": "c1e7e8dc-b544-4daa-a7b2-3ee2261f72b4",
                    "text": "不想听，你智商低",
                    "path": "295f4b69-6f8b-48b5-9631-eeb908bfa98d/28b60e6b-b266-4d6f-8339-054d62f3317f/3bffb3eb-6aa7-4014-aa88-1c1b946375b9/d8b30e49-4375-4e16-a7b1-b6da32cb2a3f/c1e7e8dc-b544-4daa-a7b2-3ee2261f72b4"
                }, {
                    "priority": 0,
                    "id": "be7787d1-734c-46f2-b5f9-9145d53f6fc7",
                    "text": "无论你说什么，都是一阵风",
                    "path": "295f4b69-6f8b-48b5-9631-eeb908bfa98d/28b60e6b-b266-4d6f-8339-054d62f3317f/3bffb3eb-6aa7-4014-aa88-1c1b946375b9/d8b30e49-4375-4e16-a7b1-b6da32cb2a3f/be7787d1-734c-46f2-b5f9-9145d53f6fc7"
                }, {
                    "priority": 0,
                    "id": "744dea98-5aee-4df7-96ab-0e3344688c1c",
                    "text": "继续，讲的太深奥了听不懂哇",
                    "path": "295f4b69-6f8b-48b5-9631-eeb908bfa98d/28b60e6b-b266-4d6f-8339-054d62f3317f/3bffb3eb-6aa7-4014-aa88-1c1b946375b9/d8b30e49-4375-4e16-a7b1-b6da32cb2a3f/744dea98-5aee-4df7-96ab-0e3344688c1c"
                }, {
                    "priority": 0,
                    "id": "d552c3b1-2b5f-437e-b162-cfbdda4b763b",
                    "text": "你说的是高树么，我咋不懂",
                    "path": "295f4b69-6f8b-48b5-9631-eeb908bfa98d/28b60e6b-b266-4d6f-8339-054d62f3317f/3bffb3eb-6aa7-4014-aa88-1c1b946375b9/d8b30e49-4375-4e16-a7b1-b6da32cb2a3f/d552c3b1-2b5f-437e-b162-cfbdda4b763b"
                }, {
                    "priority": 0,
                    "id": "c7c107c9-eb82-44d6-8704-a4d61365cdd3",
                    "text": "我年纪小，听不懂你说什么",
                    "path": "295f4b69-6f8b-48b5-9631-eeb908bfa98d/28b60e6b-b266-4d6f-8339-054d62f3317f/3bffb3eb-6aa7-4014-aa88-1c1b946375b9/d8b30e49-4375-4e16-a7b1-b6da32cb2a3f/c7c107c9-eb82-44d6-8704-a4d61365cdd3"
                }, {
                    "priority": 0,
                    "id": "e8328bc8-3fe4-404f-8c6e-330b995827b7",
                    "text": "你想人家怎么样，送你去死好不好",
                    "path": "295f4b69-6f8b-48b5-9631-eeb908bfa98d/28b60e6b-b266-4d6f-8339-054d62f3317f/3bffb3eb-6aa7-4014-aa88-1c1b946375b9/d8b30e49-4375-4e16-a7b1-b6da32cb2a3f/e8328bc8-3fe4-404f-8c6e-330b995827b7"
                }, {
                    "priority": 0,
                    "id": "5509f2ef-6fb1-4ea8-91be-a5773d19c093",
                    "text": "听不清 过来我旁边说",
                    "path": "295f4b69-6f8b-48b5-9631-eeb908bfa98d/28b60e6b-b266-4d6f-8339-054d62f3317f/3bffb3eb-6aa7-4014-aa88-1c1b946375b9/d8b30e49-4375-4e16-a7b1-b6da32cb2a3f/5509f2ef-6fb1-4ea8-91be-a5773d19c093"
                }, {
                    "priority": 0,
                    "id": "488b4167-230d-4a1d-b3f6-224c6ed03c8d",
                    "text": "虽然听不懂，还是要瞪着你",
                    "path": "295f4b69-6f8b-48b5-9631-eeb908bfa98d/28b60e6b-b266-4d6f-8339-054d62f3317f/3bffb3eb-6aa7-4014-aa88-1c1b946375b9/d8b30e49-4375-4e16-a7b1-b6da32cb2a3f/488b4167-230d-4a1d-b3f6-224c6ed03c8d"
                }, {
                    "priority": 0,
                    "id": "c3b51f01-1dc7-45fc-a703-e46e3f6cc727",
                    "text": "咩啊？瓦特？",
                    "path": "295f4b69-6f8b-48b5-9631-eeb908bfa98d/28b60e6b-b266-4d6f-8339-054d62f3317f/3bffb3eb-6aa7-4014-aa88-1c1b946375b9/d8b30e49-4375-4e16-a7b1-b6da32cb2a3f/c3b51f01-1dc7-45fc-a703-e46e3f6cc727"
                }, {
                    "priority": 0,
                    "id": "f16cc86a-89bb-49f1-a39c-e4df2c95b529",
                    "text": "你suo森么，我不懂啊",
                    "path": "295f4b69-6f8b-48b5-9631-eeb908bfa98d/28b60e6b-b266-4d6f-8339-054d62f3317f/3bffb3eb-6aa7-4014-aa88-1c1b946375b9/d8b30e49-4375-4e16-a7b1-b6da32cb2a3f/f16cc86a-89bb-49f1-a39c-e4df2c95b529"
                }, {
                    "priority": 0,
                    "id": "e04db4eb-0c67-4844-9bd6-49e0d0e49dd7",
                    "text": "瞎bb啥呀！打一架吧",
                    "path": "295f4b69-6f8b-48b5-9631-eeb908bfa98d/28b60e6b-b266-4d6f-8339-054d62f3317f/3bffb3eb-6aa7-4014-aa88-1c1b946375b9/d8b30e49-4375-4e16-a7b1-b6da32cb2a3f/e04db4eb-0c67-4844-9bd6-49e0d0e49dd7"
                }],
                "text": "听不懂",
                "path": "295f4b69-6f8b-48b5-9631-eeb908bfa98d/28b60e6b-b266-4d6f-8339-054d62f3317f/3bffb3eb-6aa7-4014-aa88-1c1b946375b9/d8b30e49-4375-4e16-a7b1-b6da32cb2a3f"
            }, {
                "priority": 5,
                "id": "cffb3105-de7b-4b9c-a546-dd56df87adb7",
                "statements": [{
                    "priority": 0,
                    "id": "ab64a345-2831-4003-bae8-628e6a405234",
                    "text": "对方并不想和你说话，并向你扔了瓶敌敌畏",
                    "path": "295f4b69-6f8b-48b5-9631-eeb908bfa98d/28b60e6b-b266-4d6f-8339-054d62f3317f/3bffb3eb-6aa7-4014-aa88-1c1b946375b9/cffb3105-de7b-4b9c-a546-dd56df87adb7/ab64a345-2831-4003-bae8-628e6a405234"
                }, {
                    "priority": 0,
                    "id": "c26c9ff9-cb6e-4947-b3a0-314f6a0ec692",
                    "text": "对方并不想和你说话，并向你扔了一只饶罗翔",
                    "path": "295f4b69-6f8b-48b5-9631-eeb908bfa98d/28b60e6b-b266-4d6f-8339-054d62f3317f/3bffb3eb-6aa7-4014-aa88-1c1b946375b9/cffb3105-de7b-4b9c-a546-dd56df87adb7/c26c9ff9-cb6e-4947-b3a0-314f6a0ec692"
                }, {
                    "priority": 0,
                    "id": "1f323ea2-fdca-49ad-9e0a-c06908726822",
                    "text": "对方不想听你放屁，并向你丢了一双鞋",
                    "path": "295f4b69-6f8b-48b5-9631-eeb908bfa98d/28b60e6b-b266-4d6f-8339-054d62f3317f/3bffb3eb-6aa7-4014-aa88-1c1b946375b9/cffb3105-de7b-4b9c-a546-dd56df87adb7/1f323ea2-fdca-49ad-9e0a-c06908726822"
                }, {
                    "priority": 0,
                    "id": "9294b1ca-4144-41d9-a744-9d1bd632a84c",
                    "text": "对方并不想和你说话，并向你扔了一本精神病学",
                    "path": "295f4b69-6f8b-48b5-9631-eeb908bfa98d/28b60e6b-b266-4d6f-8339-054d62f3317f/3bffb3eb-6aa7-4014-aa88-1c1b946375b9/cffb3105-de7b-4b9c-a546-dd56df87adb7/9294b1ca-4144-41d9-a744-9d1bd632a84c"
                }, {
                    "priority": 0,
                    "id": "16f1ecdf-1071-4f52-bf70-977bc0a85c0b",
                    "text": "对方并不想和你说话，并向你扔出了一百块",
                    "path": "295f4b69-6f8b-48b5-9631-eeb908bfa98d/28b60e6b-b266-4d6f-8339-054d62f3317f/3bffb3eb-6aa7-4014-aa88-1c1b946375b9/cffb3105-de7b-4b9c-a546-dd56df87adb7/16f1ecdf-1071-4f52-bf70-977bc0a85c0b"
                }, {
                    "priority": 0,
                    "id": "4c662104-f8ec-41f5-a22e-6d7bed19ec99",
                    "text": "对方并不想和你说话，并向你扔了个iphone",
                    "path": "295f4b69-6f8b-48b5-9631-eeb908bfa98d/28b60e6b-b266-4d6f-8339-054d62f3317f/3bffb3eb-6aa7-4014-aa88-1c1b946375b9/cffb3105-de7b-4b9c-a546-dd56df87adb7/4c662104-f8ec-41f5-a22e-6d7bed19ec99"
                }, {
                    "priority": 0,
                    "id": "387ab51a-10d0-49d8-a7b5-e9bc3d30cf48",
                    "text": "对方并不想和你说话，并推翻了你的小船",
                    "path": "295f4b69-6f8b-48b5-9631-eeb908bfa98d/28b60e6b-b266-4d6f-8339-054d62f3317f/3bffb3eb-6aa7-4014-aa88-1c1b946375b9/cffb3105-de7b-4b9c-a546-dd56df87adb7/387ab51a-10d0-49d8-a7b5-e9bc3d30cf48"
                }, {
                    "priority": 0,
                    "id": "959bffb0-0631-41c9-b932-a762b5bcc083",
                    "text": "对方并不想和你说话，并向你丢了一本诗经",
                    "path": "295f4b69-6f8b-48b5-9631-eeb908bfa98d/28b60e6b-b266-4d6f-8339-054d62f3317f/3bffb3eb-6aa7-4014-aa88-1c1b946375b9/cffb3105-de7b-4b9c-a546-dd56df87adb7/959bffb0-0631-41c9-b932-a762b5bcc083"
                }, {
                    "priority": 0,
                    "id": "ae129d9a-1c1c-4286-a778-58ac5ca07853",
                    "text": "对方并不想和你说话，并向你扔了个大崩",
                    "path": "295f4b69-6f8b-48b5-9631-eeb908bfa98d/28b60e6b-b266-4d6f-8339-054d62f3317f/3bffb3eb-6aa7-4014-aa88-1c1b946375b9/cffb3105-de7b-4b9c-a546-dd56df87adb7/ae129d9a-1c1c-4286-a778-58ac5ca07853"
                }, {
                    "priority": 0,
                    "id": "93606cc5-9593-401a-bb2c-258be034d7f4",
                    "text": "对方并不想和你说话，并向你扔了一本c++",
                    "path": "295f4b69-6f8b-48b5-9631-eeb908bfa98d/28b60e6b-b266-4d6f-8339-054d62f3317f/3bffb3eb-6aa7-4014-aa88-1c1b946375b9/cffb3105-de7b-4b9c-a546-dd56df87adb7/93606cc5-9593-401a-bb2c-258be034d7f4"
                }, {
                    "priority": 0,
                    "id": "42bdec2b-ce15-43b2-b6ea-6cdffe64c732",
                    "text": "对方并不想和你说话，并向你扔了一个垃圾游戏",
                    "path": "295f4b69-6f8b-48b5-9631-eeb908bfa98d/28b60e6b-b266-4d6f-8339-054d62f3317f/3bffb3eb-6aa7-4014-aa88-1c1b946375b9/cffb3105-de7b-4b9c-a546-dd56df87adb7/42bdec2b-ce15-43b2-b6ea-6cdffe64c732"
                }, {
                    "priority": 0,
                    "id": "8421653b-774b-4a8e-93b2-2742683b8937",
                    "text": "对方不想和你说话，并向你扔了一条狗",
                    "path": "295f4b69-6f8b-48b5-9631-eeb908bfa98d/28b60e6b-b266-4d6f-8339-054d62f3317f/3bffb3eb-6aa7-4014-aa88-1c1b946375b9/cffb3105-de7b-4b9c-a546-dd56df87adb7/8421653b-774b-4a8e-93b2-2742683b8937"
                }, {
                    "priority": 0,
                    "id": "740a6615-820d-4a2e-9aae-3f2fb7728bba",
                    "text": "爸爸不扔东西 爸爸只是来做广播体操",
                    "path": "295f4b69-6f8b-48b5-9631-eeb908bfa98d/28b60e6b-b266-4d6f-8339-054d62f3317f/3bffb3eb-6aa7-4014-aa88-1c1b946375b9/cffb3105-de7b-4b9c-a546-dd56df87adb7/740a6615-820d-4a2e-9aae-3f2fb7728bba"
                }, {
                    "priority": 0,
                    "id": "c363a0c0-3d6c-4917-98e0-cacc02180d02",
                    "text": "对方不想听你说话，并向你扔了元气弹",
                    "path": "295f4b69-6f8b-48b5-9631-eeb908bfa98d/28b60e6b-b266-4d6f-8339-054d62f3317f/3bffb3eb-6aa7-4014-aa88-1c1b946375b9/cffb3105-de7b-4b9c-a546-dd56df87adb7/c363a0c0-3d6c-4917-98e0-cacc02180d02"
                }, {
                    "priority": 0,
                    "id": "e8b13722-851e-40b9-b56a-c772fdb1f73e",
                    "text": "对方不想和你说话，并向你扔了一个锤子",
                    "path": "295f4b69-6f8b-48b5-9631-eeb908bfa98d/28b60e6b-b266-4d6f-8339-054d62f3317f/3bffb3eb-6aa7-4014-aa88-1c1b946375b9/cffb3105-de7b-4b9c-a546-dd56df87adb7/e8b13722-851e-40b9-b56a-c772fdb1f73e"
                }, {
                    "priority": 0,
                    "id": "e9e8914c-2ddc-45a7-8788-c565c9dc8666",
                    "text": "对方不想和你说话，并向你扔了个榴莲",
                    "path": "295f4b69-6f8b-48b5-9631-eeb908bfa98d/28b60e6b-b266-4d6f-8339-054d62f3317f/3bffb3eb-6aa7-4014-aa88-1c1b946375b9/cffb3105-de7b-4b9c-a546-dd56df87adb7/e9e8914c-2ddc-45a7-8788-c565c9dc8666"
                }, {
                    "priority": 0,
                    "id": "94c0d1fd-9624-4731-b176-2d3a2139fe13",
                    "text": "对方不想和你说话，并向你扔了个大金链子",
                    "path": "295f4b69-6f8b-48b5-9631-eeb908bfa98d/28b60e6b-b266-4d6f-8339-054d62f3317f/3bffb3eb-6aa7-4014-aa88-1c1b946375b9/cffb3105-de7b-4b9c-a546-dd56df87adb7/94c0d1fd-9624-4731-b176-2d3a2139fe13"
                }, {
                    "priority": 0,
                    "id": "43982d1f-f0a0-43b4-ab03-4be2a0a839f3",
                    "text": "对方不想和你说话，并向你扔了一朵食人花",
                    "path": "295f4b69-6f8b-48b5-9631-eeb908bfa98d/28b60e6b-b266-4d6f-8339-054d62f3317f/3bffb3eb-6aa7-4014-aa88-1c1b946375b9/cffb3105-de7b-4b9c-a546-dd56df87adb7/43982d1f-f0a0-43b4-ab03-4be2a0a839f3"
                }, {
                    "priority": 0,
                    "id": "ee9c698a-30fc-416b-abf5-4481d8054e90",
                    "text": "对方不想和你说话，并扔了五毛钱让你滚",
                    "path": "295f4b69-6f8b-48b5-9631-eeb908bfa98d/28b60e6b-b266-4d6f-8339-054d62f3317f/3bffb3eb-6aa7-4014-aa88-1c1b946375b9/cffb3105-de7b-4b9c-a546-dd56df87adb7/ee9c698a-30fc-416b-abf5-4481d8054e90"
                }, {
                    "priority": 0,
                    "id": "f34daa11-55d0-4064-8f11-59110666b106",
                    "text": "对方不想和你说话，并向你扔了一坨屎",
                    "path": "295f4b69-6f8b-48b5-9631-eeb908bfa98d/28b60e6b-b266-4d6f-8339-054d62f3317f/3bffb3eb-6aa7-4014-aa88-1c1b946375b9/cffb3105-de7b-4b9c-a546-dd56df87adb7/f34daa11-55d0-4064-8f11-59110666b106"
                }, {
                    "priority": 0,
                    "id": "98b07dcb-6177-4130-9d9f-78f289cbe7cb",
                    "text": "对方不想和你说话，并向你扔了把菜刀",
                    "path": "295f4b69-6f8b-48b5-9631-eeb908bfa98d/28b60e6b-b266-4d6f-8339-054d62f3317f/3bffb3eb-6aa7-4014-aa88-1c1b946375b9/cffb3105-de7b-4b9c-a546-dd56df87adb7/98b07dcb-6177-4130-9d9f-78f289cbe7cb"
                }, {
                    "priority": 0,
                    "id": "b52efe75-2fcf-4ddb-9958-e75ad2c9390a",
                    "text": "对方不想和你说话，并向你扔了把标枪",
                    "path": "295f4b69-6f8b-48b5-9631-eeb908bfa98d/28b60e6b-b266-4d6f-8339-054d62f3317f/3bffb3eb-6aa7-4014-aa88-1c1b946375b9/cffb3105-de7b-4b9c-a546-dd56df87adb7/b52efe75-2fcf-4ddb-9958-e75ad2c9390a"
                }, {
                    "priority": 0,
                    "id": "3e8cff67-d7e3-4d9c-abe1-8d78e36e810c",
                    "text": "对方不想和你说话，并向你扔了块肥皂",
                    "path": "295f4b69-6f8b-48b5-9631-eeb908bfa98d/28b60e6b-b266-4d6f-8339-054d62f3317f/3bffb3eb-6aa7-4014-aa88-1c1b946375b9/cffb3105-de7b-4b9c-a546-dd56df87adb7/3e8cff67-d7e3-4d9c-abe1-8d78e36e810c"
                }],
                "text": "扔东西",
                "path": "295f4b69-6f8b-48b5-9631-eeb908bfa98d/28b60e6b-b266-4d6f-8339-054d62f3317f/3bffb3eb-6aa7-4014-aa88-1c1b946375b9/cffb3105-de7b-4b9c-a546-dd56df87adb7"
            }, {
                "priority": 6,
                "id": "0b3a2513-c526-42ea-8ff2-59407edf8d7a",
                "statements": [{
                    "priority": 0,
                    "id": "5d81053b-5cf0-49b4-812f-3f93e0f120cc",
                    "text": "求你别说话 你嘴好臭",
                    "path": "295f4b69-6f8b-48b5-9631-eeb908bfa98d/28b60e6b-b266-4d6f-8339-054d62f3317f/3bffb3eb-6aa7-4014-aa88-1c1b946375b9/0b3a2513-c526-42ea-8ff2-59407edf8d7a/5d81053b-5cf0-49b4-812f-3f93e0f120cc"
                }, {
                    "priority": 0,
                    "id": "6bdedcbb-6bf6-485e-91e2-5fa1b0f73c0d",
                    "text": "不要轻易挑战我",
                    "path": "295f4b69-6f8b-48b5-9631-eeb908bfa98d/28b60e6b-b266-4d6f-8339-054d62f3317f/3bffb3eb-6aa7-4014-aa88-1c1b946375b9/0b3a2513-c526-42ea-8ff2-59407edf8d7a/6bdedcbb-6bf6-485e-91e2-5fa1b0f73c0d"
                }, {
                    "priority": 0,
                    "id": "2c27ffe1-0a6d-44d2-9989-5f80d55e8886",
                    "text": "别说了我耳朵都辣了",
                    "path": "295f4b69-6f8b-48b5-9631-eeb908bfa98d/28b60e6b-b266-4d6f-8339-054d62f3317f/3bffb3eb-6aa7-4014-aa88-1c1b946375b9/0b3a2513-c526-42ea-8ff2-59407edf8d7a/2c27ffe1-0a6d-44d2-9989-5f80d55e8886"
                }, {
                    "priority": 0,
                    "id": "b951a292-1e20-46b4-883e-6fe30cc5f5c5",
                    "text": "对方不想听你说话，并向你扔了元气弹",
                    "path": "295f4b69-6f8b-48b5-9631-eeb908bfa98d/28b60e6b-b266-4d6f-8339-054d62f3317f/3bffb3eb-6aa7-4014-aa88-1c1b946375b9/0b3a2513-c526-42ea-8ff2-59407edf8d7a/b951a292-1e20-46b4-883e-6fe30cc5f5c5"
                }, {
                    "priority": 0,
                    "id": "5482e875-90eb-4dae-9b50-72490cbebdf5",
                    "text": "别说了 我要冷静",
                    "path": "295f4b69-6f8b-48b5-9631-eeb908bfa98d/28b60e6b-b266-4d6f-8339-054d62f3317f/3bffb3eb-6aa7-4014-aa88-1c1b946375b9/0b3a2513-c526-42ea-8ff2-59407edf8d7a/5482e875-90eb-4dae-9b50-72490cbebdf5"
                }, {
                    "priority": 0,
                    "id": "b7c01efd-d8ce-4b69-a33c-edf64339cd66",
                    "text": "别说了，离婚",
                    "path": "295f4b69-6f8b-48b5-9631-eeb908bfa98d/28b60e6b-b266-4d6f-8339-054d62f3317f/3bffb3eb-6aa7-4014-aa88-1c1b946375b9/0b3a2513-c526-42ea-8ff2-59407edf8d7a/b7c01efd-d8ce-4b69-a33c-edf64339cd66"
                }, {
                    "priority": 0,
                    "id": "736d0f17-8715-40a3-98e6-80747f7f09d1",
                    "text": "好了，戴上这顶原谅帽",
                    "path": "295f4b69-6f8b-48b5-9631-eeb908bfa98d/28b60e6b-b266-4d6f-8339-054d62f3317f/3bffb3eb-6aa7-4014-aa88-1c1b946375b9/0b3a2513-c526-42ea-8ff2-59407edf8d7a/736d0f17-8715-40a3-98e6-80747f7f09d1"
                }, {
                    "priority": 0,
                    "id": "46135cef-3210-4f3a-ae87-bb17a4ac1b8d",
                    "text": "别说了小伙子 抓紧时间搬砖",
                    "path": "295f4b69-6f8b-48b5-9631-eeb908bfa98d/28b60e6b-b266-4d6f-8339-054d62f3317f/3bffb3eb-6aa7-4014-aa88-1c1b946375b9/0b3a2513-c526-42ea-8ff2-59407edf8d7a/46135cef-3210-4f3a-ae87-bb17a4ac1b8d"
                }, {
                    "priority": 0,
                    "id": "c8c0abaf-9a5c-4c14-ad38-a98484b93118",
                    "text": "别说了 友谊的小船已沉",
                    "path": "295f4b69-6f8b-48b5-9631-eeb908bfa98d/28b60e6b-b266-4d6f-8339-054d62f3317f/3bffb3eb-6aa7-4014-aa88-1c1b946375b9/0b3a2513-c526-42ea-8ff2-59407edf8d7a/c8c0abaf-9a5c-4c14-ad38-a98484b93118"
                }, {
                    "priority": 0,
                    "id": "3a315333-4165-4eef-b9a8-52911827be75",
                    "text": "别说了 我想念诗",
                    "path": "295f4b69-6f8b-48b5-9631-eeb908bfa98d/28b60e6b-b266-4d6f-8339-054d62f3317f/3bffb3eb-6aa7-4014-aa88-1c1b946375b9/0b3a2513-c526-42ea-8ff2-59407edf8d7a/3a315333-4165-4eef-b9a8-52911827be75"
                }, {
                    "priority": 0,
                    "id": "018ee6fd-d3c5-4b5e-a461-8de13f24b109",
                    "text": "你这是在玩火",
                    "path": "295f4b69-6f8b-48b5-9631-eeb908bfa98d/28b60e6b-b266-4d6f-8339-054d62f3317f/3bffb3eb-6aa7-4014-aa88-1c1b946375b9/0b3a2513-c526-42ea-8ff2-59407edf8d7a/018ee6fd-d3c5-4b5e-a461-8de13f24b109"
                }, {
                    "priority": 0,
                    "id": "6da73543-33e5-47e1-a84f-720f3b88bda3",
                    "text": "能别说了吗土狗",
                    "path": "295f4b69-6f8b-48b5-9631-eeb908bfa98d/28b60e6b-b266-4d6f-8339-054d62f3317f/3bffb3eb-6aa7-4014-aa88-1c1b946375b9/0b3a2513-c526-42ea-8ff2-59407edf8d7a/6da73543-33e5-47e1-a84f-720f3b88bda3"
                }, {
                    "priority": 0,
                    "id": "6a1a9e58-578b-4147-9b45-297b0a77e05f",
                    "text": "打死你个龟孙",
                    "path": "295f4b69-6f8b-48b5-9631-eeb908bfa98d/28b60e6b-b266-4d6f-8339-054d62f3317f/3bffb3eb-6aa7-4014-aa88-1c1b946375b9/0b3a2513-c526-42ea-8ff2-59407edf8d7a/6a1a9e58-578b-4147-9b45-297b0a77e05f"
                }, {
                    "priority": 0,
                    "id": "8540b624-72d1-42fc-afeb-63ab7a64ed98",
                    "text": "别说了 橘子我买好了",
                    "path": "295f4b69-6f8b-48b5-9631-eeb908bfa98d/28b60e6b-b266-4d6f-8339-054d62f3317f/3bffb3eb-6aa7-4014-aa88-1c1b946375b9/0b3a2513-c526-42ea-8ff2-59407edf8d7a/8540b624-72d1-42fc-afeb-63ab7a64ed98"
                }, {
                    "priority": 0,
                    "id": "1779a7fc-0a48-4437-8877-95643c241547",
                    "text": "什么都别说 我就是草泥马",
                    "path": "295f4b69-6f8b-48b5-9631-eeb908bfa98d/28b60e6b-b266-4d6f-8339-054d62f3317f/3bffb3eb-6aa7-4014-aa88-1c1b946375b9/0b3a2513-c526-42ea-8ff2-59407edf8d7a/1779a7fc-0a48-4437-8877-95643c241547"
                }, {
                    "priority": 0,
                    "id": "059b195a-981b-4a7a-83a9-d23796c444fa",
                    "text": "别说话了 让不让爹地睡觉啊",
                    "path": "295f4b69-6f8b-48b5-9631-eeb908bfa98d/28b60e6b-b266-4d6f-8339-054d62f3317f/3bffb3eb-6aa7-4014-aa88-1c1b946375b9/0b3a2513-c526-42ea-8ff2-59407edf8d7a/059b195a-981b-4a7a-83a9-d23796c444fa"
                }, {
                    "priority": 0,
                    "id": "3c4a470b-cada-4292-97d9-18558d424271",
                    "text": "别说了 我同意睡你",
                    "path": "295f4b69-6f8b-48b5-9631-eeb908bfa98d/28b60e6b-b266-4d6f-8339-054d62f3317f/3bffb3eb-6aa7-4014-aa88-1c1b946375b9/0b3a2513-c526-42ea-8ff2-59407edf8d7a/3c4a470b-cada-4292-97d9-18558d424271"
                }, {
                    "priority": 0,
                    "id": "e02cdc78-f1ba-48ac-82e1-155875b6c206",
                    "text": "再说爆你菊",
                    "path": "295f4b69-6f8b-48b5-9631-eeb908bfa98d/28b60e6b-b266-4d6f-8339-054d62f3317f/3bffb3eb-6aa7-4014-aa88-1c1b946375b9/0b3a2513-c526-42ea-8ff2-59407edf8d7a/e02cdc78-f1ba-48ac-82e1-155875b6c206"
                }, {
                    "priority": 0,
                    "id": "05f76fc0-4d4f-4a92-83ea-437c4701d9e4",
                    "text": "别说了 你已经失去我",
                    "path": "295f4b69-6f8b-48b5-9631-eeb908bfa98d/28b60e6b-b266-4d6f-8339-054d62f3317f/3bffb3eb-6aa7-4014-aa88-1c1b946375b9/0b3a2513-c526-42ea-8ff2-59407edf8d7a/05f76fc0-4d4f-4a92-83ea-437c4701d9e4"
                }, {
                    "priority": 0,
                    "id": "750c2e34-cf0a-4b42-9a7e-99142bcc1db4",
                    "text": "jj小的不要说话",
                    "path": "295f4b69-6f8b-48b5-9631-eeb908bfa98d/28b60e6b-b266-4d6f-8339-054d62f3317f/3bffb3eb-6aa7-4014-aa88-1c1b946375b9/0b3a2513-c526-42ea-8ff2-59407edf8d7a/750c2e34-cf0a-4b42-9a7e-99142bcc1db4"
                }, {
                    "priority": 0,
                    "id": "5f1b7a0d-66b7-4d39-bf4e-0a24ed496225",
                    "text": "别说了 你已经失去我",
                    "path": "295f4b69-6f8b-48b5-9631-eeb908bfa98d/28b60e6b-b266-4d6f-8339-054d62f3317f/3bffb3eb-6aa7-4014-aa88-1c1b946375b9/0b3a2513-c526-42ea-8ff2-59407edf8d7a/5f1b7a0d-66b7-4d39-bf4e-0a24ed496225"
                }],
                "text": "别说了",
                "path": "295f4b69-6f8b-48b5-9631-eeb908bfa98d/28b60e6b-b266-4d6f-8339-054d62f3317f/3bffb3eb-6aa7-4014-aa88-1c1b946375b9/0b3a2513-c526-42ea-8ff2-59407edf8d7a"
            }, {
                "priority": 7,
                "id": "ba09b06b-2580-4379-a44d-46a71bd8feb6",
                "statements": [{
                    "priority": 0,
                    "id": "d861df94-35f0-4c61-a0a2-788f7722b9b7",
                    "text": "不听不听 只向CHANEL势力低头",
                    "path": "295f4b69-6f8b-48b5-9631-eeb908bfa98d/28b60e6b-b266-4d6f-8339-054d62f3317f/3bffb3eb-6aa7-4014-aa88-1c1b946375b9/ba09b06b-2580-4379-a44d-46a71bd8feb6/d861df94-35f0-4c61-a0a2-788f7722b9b7"
                }, {
                    "priority": 0,
                    "id": "866b621c-757c-42f8-8b2a-74610616728e",
                    "text": "不听，向口红低头",
                    "path": "295f4b69-6f8b-48b5-9631-eeb908bfa98d/28b60e6b-b266-4d6f-8339-054d62f3317f/3bffb3eb-6aa7-4014-aa88-1c1b946375b9/ba09b06b-2580-4379-a44d-46a71bd8feb6/866b621c-757c-42f8-8b2a-74610616728e"
                }, {
                    "priority": 0,
                    "id": "f724d3a5-4e31-450b-909c-0147b9151274",
                    "text": "略略略略不听 只向ysl势力低头",
                    "path": "295f4b69-6f8b-48b5-9631-eeb908bfa98d/28b60e6b-b266-4d6f-8339-054d62f3317f/3bffb3eb-6aa7-4014-aa88-1c1b946375b9/ba09b06b-2580-4379-a44d-46a71bd8feb6/f724d3a5-4e31-450b-909c-0147b9151274"
                }, {
                    "priority": 0,
                    "id": "cffc785c-612e-401e-8fbf-798304d0ce00",
                    "text": "不听！！不听！只有阿玛尼让我低头",
                    "path": "295f4b69-6f8b-48b5-9631-eeb908bfa98d/28b60e6b-b266-4d6f-8339-054d62f3317f/3bffb3eb-6aa7-4014-aa88-1c1b946375b9/ba09b06b-2580-4379-a44d-46a71bd8feb6/cffc785c-612e-401e-8fbf-798304d0ce00"
                }, {
                    "priority": 0,
                    "id": "011af119-b12b-4e72-b1f6-3b45ea9fdf73",
                    "text": "不听 只向GIVENCHY势力低头",
                    "path": "295f4b69-6f8b-48b5-9631-eeb908bfa98d/28b60e6b-b266-4d6f-8339-054d62f3317f/3bffb3eb-6aa7-4014-aa88-1c1b946375b9/ba09b06b-2580-4379-a44d-46a71bd8feb6/011af119-b12b-4e72-b1f6-3b45ea9fdf73"
                }, {
                    "priority": 0,
                    "id": "81a97469-5800-478b-9319-eb7f6d43d938",
                    "text": "不听 只向TF势力低头",
                    "path": "295f4b69-6f8b-48b5-9631-eeb908bfa98d/28b60e6b-b266-4d6f-8339-054d62f3317f/3bffb3eb-6aa7-4014-aa88-1c1b946375b9/ba09b06b-2580-4379-a44d-46a71bd8feb6/81a97469-5800-478b-9319-eb7f6d43d938"
                }, {
                    "priority": 0,
                    "id": "4aba4014-9b66-4dec-b96f-2f252e782667",
                    "text": "不听 只向NARS势力低头",
                    "path": "295f4b69-6f8b-48b5-9631-eeb908bfa98d/28b60e6b-b266-4d6f-8339-054d62f3317f/3bffb3eb-6aa7-4014-aa88-1c1b946375b9/ba09b06b-2580-4379-a44d-46a71bd8feb6/4aba4014-9b66-4dec-b96f-2f252e782667"
                }, {
                    "priority": 0,
                    "id": "472a5644-4b41-4f27-a200-ae164bbc757d",
                    "text": "不听 只向MAC势力低头",
                    "path": "295f4b69-6f8b-48b5-9631-eeb908bfa98d/28b60e6b-b266-4d6f-8339-054d62f3317f/3bffb3eb-6aa7-4014-aa88-1c1b946375b9/ba09b06b-2580-4379-a44d-46a71bd8feb6/472a5644-4b41-4f27-a200-ae164bbc757d"
                }, {
                    "priority": 0,
                    "id": "b5a34ed6-72ad-430b-a994-7e5282c532ec",
                    "text": "不听 只向DIOR势力低头",
                    "path": "295f4b69-6f8b-48b5-9631-eeb908bfa98d/28b60e6b-b266-4d6f-8339-054d62f3317f/3bffb3eb-6aa7-4014-aa88-1c1b946375b9/ba09b06b-2580-4379-a44d-46a71bd8feb6/b5a34ed6-72ad-430b-a994-7e5282c532ec"
                }, {
                    "priority": 0,
                    "id": "d6e1ba74-4199-48ae-b762-3e068c0cd2a0",
                    "text": "不听，先研究色号 再研究老娘",
                    "path": "295f4b69-6f8b-48b5-9631-eeb908bfa98d/28b60e6b-b266-4d6f-8339-054d62f3317f/3bffb3eb-6aa7-4014-aa88-1c1b946375b9/ba09b06b-2580-4379-a44d-46a71bd8feb6/d6e1ba74-4199-48ae-b762-3e068c0cd2a0"
                }, {
                    "priority": 0,
                    "id": "5c7658f2-53f8-48cb-a5a1-c39d8bcbc892",
                    "text": "不听 只向JILLSTUART势力低头",
                    "path": "295f4b69-6f8b-48b5-9631-eeb908bfa98d/28b60e6b-b266-4d6f-8339-054d62f3317f/3bffb3eb-6aa7-4014-aa88-1c1b946375b9/ba09b06b-2580-4379-a44d-46a71bd8feb6/5c7658f2-53f8-48cb-a5a1-c39d8bcbc892"
                }, {
                    "priority": 0,
                    "id": "2bcc988b-7763-40c8-b829-45afc2b98b21",
                    "text": "不听，你的小祖宗想要口红",
                    "path": "295f4b69-6f8b-48b5-9631-eeb908bfa98d/28b60e6b-b266-4d6f-8339-054d62f3317f/3bffb3eb-6aa7-4014-aa88-1c1b946375b9/ba09b06b-2580-4379-a44d-46a71bd8feb6/2bcc988b-7763-40c8-b829-45afc2b98b21"
                }, {
                    "priority": 0,
                    "id": "a01f4d17-fd02-4d6e-896b-e704bd1a2c2f",
                    "text": "不听！没事少bb 买买口红",
                    "path": "295f4b69-6f8b-48b5-9631-eeb908bfa98d/28b60e6b-b266-4d6f-8339-054d62f3317f/3bffb3eb-6aa7-4014-aa88-1c1b946375b9/ba09b06b-2580-4379-a44d-46a71bd8feb6/a01f4d17-fd02-4d6e-896b-e704bd1a2c2f"
                }, {
                    "priority": 0,
                    "id": "f3bdb2b1-0241-4014-8e02-bc27ba56828f",
                    "text": "YSL能治好我的耳朵",
                    "path": "295f4b69-6f8b-48b5-9631-eeb908bfa98d/28b60e6b-b266-4d6f-8339-054d62f3317f/3bffb3eb-6aa7-4014-aa88-1c1b946375b9/ba09b06b-2580-4379-a44d-46a71bd8feb6/f3bdb2b1-0241-4014-8e02-bc27ba56828f"
                }, {
                    "priority": 0,
                    "id": "1b67529a-3cb3-4926-8f3a-d0f8739627b5",
                    "text": "包包口红送起来 赶紧的",
                    "path": "295f4b69-6f8b-48b5-9631-eeb908bfa98d/28b60e6b-b266-4d6f-8339-054d62f3317f/3bffb3eb-6aa7-4014-aa88-1c1b946375b9/ba09b06b-2580-4379-a44d-46a71bd8feb6/1b67529a-3cb3-4926-8f3a-d0f8739627b5"
                }, {
                    "priority": 0,
                    "id": "9e94870e-e1dd-4c20-a521-344a40f4fe65",
                    "text": "不听 向CPB势力低头",
                    "path": "295f4b69-6f8b-48b5-9631-eeb908bfa98d/28b60e6b-b266-4d6f-8339-054d62f3317f/3bffb3eb-6aa7-4014-aa88-1c1b946375b9/ba09b06b-2580-4379-a44d-46a71bd8feb6/9e94870e-e1dd-4c20-a521-344a40f4fe65"
                }, {
                    "priority": 0,
                    "id": "70e6cfa8-6942-401a-9f7a-aa34d611faf8",
                    "text": "不送口红，瞎bb啥",
                    "path": "295f4b69-6f8b-48b5-9631-eeb908bfa98d/28b60e6b-b266-4d6f-8339-054d62f3317f/3bffb3eb-6aa7-4014-aa88-1c1b946375b9/ba09b06b-2580-4379-a44d-46a71bd8feb6/70e6cfa8-6942-401a-9f7a-aa34d611faf8"
                }, {
                    "priority": 0,
                    "id": "2a0ef58b-9a02-4f8f-9b18-d447de23e980",
                    "text": "你再说 我要一套色系了",
                    "path": "295f4b69-6f8b-48b5-9631-eeb908bfa98d/28b60e6b-b266-4d6f-8339-054d62f3317f/3bffb3eb-6aa7-4014-aa88-1c1b946375b9/ba09b06b-2580-4379-a44d-46a71bd8feb6/2a0ef58b-9a02-4f8f-9b18-d447de23e980"
                }],
                "text": "不听！要口红",
                "path": "295f4b69-6f8b-48b5-9631-eeb908bfa98d/28b60e6b-b266-4d6f-8339-054d62f3317f/3bffb3eb-6aa7-4014-aa88-1c1b946375b9/ba09b06b-2580-4379-a44d-46a71bd8feb6"
            }, {
                "priority": 8,
                "id": "c800f8bd-2be4-411e-93f6-6c1673638319",
                "statements": [{
                    "priority": 0,
                    "id": "478768df-6578-4a6a-bf88-561db731e895",
                    "text": "我，打钱！",
                    "path": "295f4b69-6f8b-48b5-9631-eeb908bfa98d/28b60e6b-b266-4d6f-8339-054d62f3317f/3bffb3eb-6aa7-4014-aa88-1c1b946375b9/c800f8bd-2be4-411e-93f6-6c1673638319/478768df-6578-4a6a-bf88-561db731e895"
                }, {
                    "priority": 0,
                    "id": "4ff2bd05-d1cd-4612-9257-a87f30d1a6b2",
                    "text": "我不听！打钱！！",
                    "path": "295f4b69-6f8b-48b5-9631-eeb908bfa98d/28b60e6b-b266-4d6f-8339-054d62f3317f/3bffb3eb-6aa7-4014-aa88-1c1b946375b9/c800f8bd-2be4-411e-93f6-6c1673638319/4ff2bd05-d1cd-4612-9257-a87f30d1a6b2"
                }, {
                    "priority": 0,
                    "id": "8da6b7ca-bd8e-49a2-97e6-f09ea5ac3b54",
                    "text": "不说！打钱！",
                    "path": "295f4b69-6f8b-48b5-9631-eeb908bfa98d/28b60e6b-b266-4d6f-8339-054d62f3317f/3bffb3eb-6aa7-4014-aa88-1c1b946375b9/c800f8bd-2be4-411e-93f6-6c1673638319/8da6b7ca-bd8e-49a2-97e6-f09ea5ac3b54"
                }, {
                    "priority": 0,
                    "id": "da32be89-51e5-4901-9963-4716af7ca1f8",
                    "text": "说了这么久，可以打钱了吗？",
                    "path": "295f4b69-6f8b-48b5-9631-eeb908bfa98d/28b60e6b-b266-4d6f-8339-054d62f3317f/3bffb3eb-6aa7-4014-aa88-1c1b946375b9/c800f8bd-2be4-411e-93f6-6c1673638319/da32be89-51e5-4901-9963-4716af7ca1f8"
                }, {
                    "priority": 0,
                    "id": "303f98fa-b4f4-4f93-92a6-ba59ea56e03d",
                    "text": "怎么还不打钱？！",
                    "path": "295f4b69-6f8b-48b5-9631-eeb908bfa98d/28b60e6b-b266-4d6f-8339-054d62f3317f/3bffb3eb-6aa7-4014-aa88-1c1b946375b9/c800f8bd-2be4-411e-93f6-6c1673638319/303f98fa-b4f4-4f93-92a6-ba59ea56e03d"
                }, {
                    "priority": 0,
                    "id": "4bb23387-444b-4b05-866c-9875b040ad57",
                    "text": "打钱！继续网络缘分，不打？拉墨了！",
                    "path": "295f4b69-6f8b-48b5-9631-eeb908bfa98d/28b60e6b-b266-4d6f-8339-054d62f3317f/3bffb3eb-6aa7-4014-aa88-1c1b946375b9/c800f8bd-2be4-411e-93f6-6c1673638319/4bb23387-444b-4b05-866c-9875b040ad57"
                }, {
                    "priority": 0,
                    "id": "5a4e07cc-2b34-4450-acce-cf5072c253c7",
                    "text": "你，打钱！",
                    "path": "295f4b69-6f8b-48b5-9631-eeb908bfa98d/28b60e6b-b266-4d6f-8339-054d62f3317f/3bffb3eb-6aa7-4014-aa88-1c1b946375b9/c800f8bd-2be4-411e-93f6-6c1673638319/5a4e07cc-2b34-4450-acce-cf5072c253c7"
                }, {
                    "priority": 0,
                    "id": "1039d681-5397-4d53-8e0f-5b23e11fce67",
                    "text": "别说了 打钱",
                    "path": "295f4b69-6f8b-48b5-9631-eeb908bfa98d/28b60e6b-b266-4d6f-8339-054d62f3317f/3bffb3eb-6aa7-4014-aa88-1c1b946375b9/c800f8bd-2be4-411e-93f6-6c1673638319/1039d681-5397-4d53-8e0f-5b23e11fce67"
                }, {
                    "priority": 0,
                    "id": "ded97779-12e5-4b5f-a2cb-f7609bc19e3f",
                    "text": "请选择打钱挽留我",
                    "path": "295f4b69-6f8b-48b5-9631-eeb908bfa98d/28b60e6b-b266-4d6f-8339-054d62f3317f/3bffb3eb-6aa7-4014-aa88-1c1b946375b9/c800f8bd-2be4-411e-93f6-6c1673638319/ded97779-12e5-4b5f-a2cb-f7609bc19e3f"
                }, {
                    "priority": 0,
                    "id": "6b54f453-03fc-4675-8e86-d5596e3e9896",
                    "text": "还不打钱？！！拉墨了",
                    "path": "295f4b69-6f8b-48b5-9631-eeb908bfa98d/28b60e6b-b266-4d6f-8339-054d62f3317f/3bffb3eb-6aa7-4014-aa88-1c1b946375b9/c800f8bd-2be4-411e-93f6-6c1673638319/6b54f453-03fc-4675-8e86-d5596e3e9896"
                }, {
                    "priority": 0,
                    "id": "cd5a600d-d22e-4ccd-ba0c-b5c146efcee4",
                    "text": "说这么多干嘛？？打钱！",
                    "path": "295f4b69-6f8b-48b5-9631-eeb908bfa98d/28b60e6b-b266-4d6f-8339-054d62f3317f/3bffb3eb-6aa7-4014-aa88-1c1b946375b9/c800f8bd-2be4-411e-93f6-6c1673638319/cd5a600d-d22e-4ccd-ba0c-b5c146efcee4"
                }, {
                    "priority": 0,
                    "id": "da76fb3d-93a6-4cf2-9037-2b641ccf66a3",
                    "text": "给我，打钱买棉拖鞋！",
                    "path": "295f4b69-6f8b-48b5-9631-eeb908bfa98d/28b60e6b-b266-4d6f-8339-054d62f3317f/3bffb3eb-6aa7-4014-aa88-1c1b946375b9/c800f8bd-2be4-411e-93f6-6c1673638319/da76fb3d-93a6-4cf2-9037-2b641ccf66a3"
                }, {
                    "priority": 0,
                    "id": "057f8ee4-04ca-4d67-a502-ffbb6ae5d6ef",
                    "text": "哦，什么时候打钱",
                    "path": "295f4b69-6f8b-48b5-9631-eeb908bfa98d/28b60e6b-b266-4d6f-8339-054d62f3317f/3bffb3eb-6aa7-4014-aa88-1c1b946375b9/c800f8bd-2be4-411e-93f6-6c1673638319/057f8ee4-04ca-4d67-a502-ffbb6ae5d6ef"
                }, {
                    "priority": 0,
                    "id": "5f62886f-a94e-474b-9e67-d59001f66663",
                    "text": "我，打钱",
                    "path": "295f4b69-6f8b-48b5-9631-eeb908bfa98d/28b60e6b-b266-4d6f-8339-054d62f3317f/3bffb3eb-6aa7-4014-aa88-1c1b946375b9/c800f8bd-2be4-411e-93f6-6c1673638319/5f62886f-a94e-474b-9e67-d59001f66663"
                }, {
                    "priority": 0,
                    "id": "b157a153-6723-4b34-8e45-21a243435e05",
                    "text": "所以？什么时候打钱？",
                    "path": "295f4b69-6f8b-48b5-9631-eeb908bfa98d/28b60e6b-b266-4d6f-8339-054d62f3317f/3bffb3eb-6aa7-4014-aa88-1c1b946375b9/c800f8bd-2be4-411e-93f6-6c1673638319/b157a153-6723-4b34-8e45-21a243435e05"
                }, {
                    "priority": 0,
                    "id": "fdb24b20-6ab2-48e7-b8e1-f480fe108d50",
                    "text": "钱都不打，还好意思说这些？",
                    "path": "295f4b69-6f8b-48b5-9631-eeb908bfa98d/28b60e6b-b266-4d6f-8339-054d62f3317f/3bffb3eb-6aa7-4014-aa88-1c1b946375b9/c800f8bd-2be4-411e-93f6-6c1673638319/fdb24b20-6ab2-48e7-b8e1-f480fe108d50"
                }],
                "text": "我！打钱！",
                "path": "295f4b69-6f8b-48b5-9631-eeb908bfa98d/28b60e6b-b266-4d6f-8339-054d62f3317f/3bffb3eb-6aa7-4014-aa88-1c1b946375b9/c800f8bd-2be4-411e-93f6-6c1673638319"
            }, {
                "priority": 9,
                "id": "92ff3a81-80ae-488e-9929-1c57cc77c1ab",
                "statements": [{
                    "priority": 0,
                    "id": "ffcb5bde-70b9-4531-80c2-15ae714e92f9",
                    "text": "不买，没钱，穷",
                    "path": "295f4b69-6f8b-48b5-9631-eeb908bfa98d/28b60e6b-b266-4d6f-8339-054d62f3317f/3bffb3eb-6aa7-4014-aa88-1c1b946375b9/92ff3a81-80ae-488e-9929-1c57cc77c1ab/ffcb5bde-70b9-4531-80c2-15ae714e92f9"
                }, {
                    "priority": 0,
                    "id": "efb1d03e-5e5a-4d2d-adca-0ae167c1537f",
                    "text": "工资不够花",
                    "path": "295f4b69-6f8b-48b5-9631-eeb908bfa98d/28b60e6b-b266-4d6f-8339-054d62f3317f/3bffb3eb-6aa7-4014-aa88-1c1b946375b9/92ff3a81-80ae-488e-9929-1c57cc77c1ab/efb1d03e-5e5a-4d2d-adca-0ae167c1537f"
                }, {
                    "priority": 0,
                    "id": "b48a9d6a-665d-4ed2-8cd4-a2cecd0538ce",
                    "text": "穷的怀疑人生",
                    "path": "295f4b69-6f8b-48b5-9631-eeb908bfa98d/28b60e6b-b266-4d6f-8339-054d62f3317f/3bffb3eb-6aa7-4014-aa88-1c1b946375b9/92ff3a81-80ae-488e-9929-1c57cc77c1ab/b48a9d6a-665d-4ed2-8cd4-a2cecd0538ce"
                }, {
                    "priority": 0,
                    "id": "f554902f-de55-40d7-bfdd-ed2dc485ef7d",
                    "text": "一元不是最大面额的人名币吗",
                    "path": "295f4b69-6f8b-48b5-9631-eeb908bfa98d/28b60e6b-b266-4d6f-8339-054d62f3317f/3bffb3eb-6aa7-4014-aa88-1c1b946375b9/92ff3a81-80ae-488e-9929-1c57cc77c1ab/f554902f-de55-40d7-bfdd-ed2dc485ef7d"
                }, {
                    "priority": 0,
                    "id": "d2894d4d-64aa-4efc-b2aa-d2dc88f89753",
                    "text": "今天奢侈下，吃泡面",
                    "path": "295f4b69-6f8b-48b5-9631-eeb908bfa98d/28b60e6b-b266-4d6f-8339-054d62f3317f/3bffb3eb-6aa7-4014-aa88-1c1b946375b9/92ff3a81-80ae-488e-9929-1c57cc77c1ab/d2894d4d-64aa-4efc-b2aa-d2dc88f89753"
                }, {
                    "priority": 0,
                    "id": "fcb68731-bd00-4702-9f35-6c664629ccf6",
                    "text": "不买，说什么也不买",
                    "path": "295f4b69-6f8b-48b5-9631-eeb908bfa98d/28b60e6b-b266-4d6f-8339-054d62f3317f/3bffb3eb-6aa7-4014-aa88-1c1b946375b9/92ff3a81-80ae-488e-9929-1c57cc77c1ab/fcb68731-bd00-4702-9f35-6c664629ccf6"
                }, {
                    "priority": 0,
                    "id": "7d802bff-e120-4087-9e12-439f33f61977",
                    "text": "我在吃土，5毛钱以上的活动不要叫我",
                    "path": "295f4b69-6f8b-48b5-9631-eeb908bfa98d/28b60e6b-b266-4d6f-8339-054d62f3317f/3bffb3eb-6aa7-4014-aa88-1c1b946375b9/92ff3a81-80ae-488e-9929-1c57cc77c1ab/7d802bff-e120-4087-9e12-439f33f61977"
                }, {
                    "priority": 0,
                    "id": "e7341285-3930-4bc7-8a2b-beff4f9c180b",
                    "text": "请叫我穷爷",
                    "path": "295f4b69-6f8b-48b5-9631-eeb908bfa98d/28b60e6b-b266-4d6f-8339-054d62f3317f/3bffb3eb-6aa7-4014-aa88-1c1b946375b9/92ff3a81-80ae-488e-9929-1c57cc77c1ab/e7341285-3930-4bc7-8a2b-beff4f9c180b"
                }, {
                    "priority": 0,
                    "id": "7b82f8d2-d515-4a73-b15b-9e693ba6c10a",
                    "text": "你是要我的命吗",
                    "path": "295f4b69-6f8b-48b5-9631-eeb908bfa98d/28b60e6b-b266-4d6f-8339-054d62f3317f/3bffb3eb-6aa7-4014-aa88-1c1b946375b9/92ff3a81-80ae-488e-9929-1c57cc77c1ab/7b82f8d2-d515-4a73-b15b-9e693ba6c10a"
                }, {
                    "priority": 0,
                    "id": "96a7c41f-8a4f-467a-a55b-6c79efd9b3de",
                    "text": "钱没有，命给你行吗？",
                    "path": "295f4b69-6f8b-48b5-9631-eeb908bfa98d/28b60e6b-b266-4d6f-8339-054d62f3317f/3bffb3eb-6aa7-4014-aa88-1c1b946375b9/92ff3a81-80ae-488e-9929-1c57cc77c1ab/96a7c41f-8a4f-467a-a55b-6c79efd9b3de"
                }, {
                    "priority": 0,
                    "id": "b9069637-6a80-4fc0-82f3-aa8df080645e",
                    "text": "姑奶奶，我真的没钱了",
                    "path": "295f4b69-6f8b-48b5-9631-eeb908bfa98d/28b60e6b-b266-4d6f-8339-054d62f3317f/3bffb3eb-6aa7-4014-aa88-1c1b946375b9/92ff3a81-80ae-488e-9929-1c57cc77c1ab/b9069637-6a80-4fc0-82f3-aa8df080645e"
                }, {
                    "priority": 0,
                    "id": "4439b025-8189-497f-9f86-fc6a45a22089",
                    "text": "买不起买不起买不起",
                    "path": "295f4b69-6f8b-48b5-9631-eeb908bfa98d/28b60e6b-b266-4d6f-8339-054d62f3317f/3bffb3eb-6aa7-4014-aa88-1c1b946375b9/92ff3a81-80ae-488e-9929-1c57cc77c1ab/4439b025-8189-497f-9f86-fc6a45a22089"
                }, {
                    "priority": 0,
                    "id": "2b6035b0-f8b9-4f0b-a1c5-d9eb662d672d",
                    "text": "我的人生就一个字：穷",
                    "path": "295f4b69-6f8b-48b5-9631-eeb908bfa98d/28b60e6b-b266-4d6f-8339-054d62f3317f/3bffb3eb-6aa7-4014-aa88-1c1b946375b9/92ff3a81-80ae-488e-9929-1c57cc77c1ab/2b6035b0-f8b9-4f0b-a1c5-d9eb662d672d"
                }, {
                    "priority": 0,
                    "id": "4d7cb299-d098-4662-8d5b-5bb9bc943fa7",
                    "text": "别说话，我去喝西北风了",
                    "path": "295f4b69-6f8b-48b5-9631-eeb908bfa98d/28b60e6b-b266-4d6f-8339-054d62f3317f/3bffb3eb-6aa7-4014-aa88-1c1b946375b9/92ff3a81-80ae-488e-9929-1c57cc77c1ab/4d7cb299-d098-4662-8d5b-5bb9bc943fa7"
                }, {
                    "priority": 0,
                    "id": "fb09db1b-a64a-45f7-a587-91204b7202cc",
                    "text": "别谈钱好吗？伤感情",
                    "path": "295f4b69-6f8b-48b5-9631-eeb908bfa98d/28b60e6b-b266-4d6f-8339-054d62f3317f/3bffb3eb-6aa7-4014-aa88-1c1b946375b9/92ff3a81-80ae-488e-9929-1c57cc77c1ab/fb09db1b-a64a-45f7-a587-91204b7202cc"
                }, {
                    "priority": 0,
                    "id": "941f624b-b5e8-41d4-b343-78fe67dcceac",
                    "text": "穷到不能呼吸",
                    "path": "295f4b69-6f8b-48b5-9631-eeb908bfa98d/28b60e6b-b266-4d6f-8339-054d62f3317f/3bffb3eb-6aa7-4014-aa88-1c1b946375b9/92ff3a81-80ae-488e-9929-1c57cc77c1ab/941f624b-b5e8-41d4-b343-78fe67dcceac"
                }, {
                    "priority": 0,
                    "id": "8b7a24c0-7b83-440c-bb1a-b802dcd80413",
                    "text": "没钱，真没钱，特别缺钱",
                    "path": "295f4b69-6f8b-48b5-9631-eeb908bfa98d/28b60e6b-b266-4d6f-8339-054d62f3317f/3bffb3eb-6aa7-4014-aa88-1c1b946375b9/92ff3a81-80ae-488e-9929-1c57cc77c1ab/8b7a24c0-7b83-440c-bb1a-b802dcd80413"
                }],
                "text": "穷b三连",
                "path": "295f4b69-6f8b-48b5-9631-eeb908bfa98d/28b60e6b-b266-4d6f-8339-054d62f3317f/3bffb3eb-6aa7-4014-aa88-1c1b946375b9/92ff3a81-80ae-488e-9929-1c57cc77c1ab"
            }, {
                "priority": 10,
                "id": "a70f551b-97e8-46fc-ba86-313c6b842c3a",
                "statements": [{
                    "priority": 0,
                    "id": "721f6414-fbbe-4240-bbc2-5e2e6836272d",
                    "text": "都是我的错，求求你看看我行不行啦",
                    "path": "295f4b69-6f8b-48b5-9631-eeb908bfa98d/28b60e6b-b266-4d6f-8339-054d62f3317f/3bffb3eb-6aa7-4014-aa88-1c1b946375b9/a70f551b-97e8-46fc-ba86-313c6b842c3a/721f6414-fbbe-4240-bbc2-5e2e6836272d"
                }, {
                    "priority": 0,
                    "id": "c3cd5ac0-044b-44f1-ba2c-ad184abd05d6",
                    "text": "下次不会了，人家要抱抱嘛",
                    "path": "295f4b69-6f8b-48b5-9631-eeb908bfa98d/28b60e6b-b266-4d6f-8339-054d62f3317f/3bffb3eb-6aa7-4014-aa88-1c1b946375b9/a70f551b-97e8-46fc-ba86-313c6b842c3a/c3cd5ac0-044b-44f1-ba2c-ad184abd05d6"
                }, {
                    "priority": 0,
                    "id": "de1f7153-43d9-45e8-a05c-b3c2343aad2f",
                    "text": "真的不抱吗？那我要哭了哦",
                    "path": "295f4b69-6f8b-48b5-9631-eeb908bfa98d/28b60e6b-b266-4d6f-8339-054d62f3317f/3bffb3eb-6aa7-4014-aa88-1c1b946375b9/a70f551b-97e8-46fc-ba86-313c6b842c3a/de1f7153-43d9-45e8-a05c-b3c2343aad2f"
                }, {
                    "priority": 0,
                    "id": "a535a3f3-f301-4564-a352-ea4bc1702ee3",
                    "text": "我都QAQ了，不喜欢我了？",
                    "path": "295f4b69-6f8b-48b5-9631-eeb908bfa98d/28b60e6b-b266-4d6f-8339-054d62f3317f/3bffb3eb-6aa7-4014-aa88-1c1b946375b9/a70f551b-97e8-46fc-ba86-313c6b842c3a/a535a3f3-f301-4564-a352-ea4bc1702ee3"
                }, {
                    "priority": 0,
                    "id": "8af1c5dd-6e2c-4b51-ad15-7286d5148270",
                    "text": "我超委屈的，不要生气了嘛",
                    "path": "295f4b69-6f8b-48b5-9631-eeb908bfa98d/28b60e6b-b266-4d6f-8339-054d62f3317f/3bffb3eb-6aa7-4014-aa88-1c1b946375b9/a70f551b-97e8-46fc-ba86-313c6b842c3a/8af1c5dd-6e2c-4b51-ad15-7286d5148270"
                }, {
                    "priority": 0,
                    "id": "6a3b3e77-142a-4661-99e1-f5754968dd5c",
                    "text": "除了你之外，就没人敢对人家生气",
                    "path": "295f4b69-6f8b-48b5-9631-eeb908bfa98d/28b60e6b-b266-4d6f-8339-054d62f3317f/3bffb3eb-6aa7-4014-aa88-1c1b946375b9/a70f551b-97e8-46fc-ba86-313c6b842c3a/6a3b3e77-142a-4661-99e1-f5754968dd5c"
                }, {
                    "priority": 0,
                    "id": "49231d8a-8876-45e2-991e-71d2c5ad6e65",
                    "text": "好了嘛，人家知错了的啦",
                    "path": "295f4b69-6f8b-48b5-9631-eeb908bfa98d/28b60e6b-b266-4d6f-8339-054d62f3317f/3bffb3eb-6aa7-4014-aa88-1c1b946375b9/a70f551b-97e8-46fc-ba86-313c6b842c3a/49231d8a-8876-45e2-991e-71d2c5ad6e65"
                }, {
                    "priority": 0,
                    "id": "e889c7b9-cc85-4f02-94be-2da74e18eea7",
                    "text": "你不生气了？那来抱抱我好不好",
                    "path": "295f4b69-6f8b-48b5-9631-eeb908bfa98d/28b60e6b-b266-4d6f-8339-054d62f3317f/3bffb3eb-6aa7-4014-aa88-1c1b946375b9/a70f551b-97e8-46fc-ba86-313c6b842c3a/e889c7b9-cc85-4f02-94be-2da74e18eea7"
                }, {
                    "priority": 0,
                    "id": "8fe6a350-0666-4e7b-8066-04f0db96cace",
                    "text": "不生气的话就抱抱我，这边亲一下嘛",
                    "path": "295f4b69-6f8b-48b5-9631-eeb908bfa98d/28b60e6b-b266-4d6f-8339-054d62f3317f/3bffb3eb-6aa7-4014-aa88-1c1b946375b9/a70f551b-97e8-46fc-ba86-313c6b842c3a/8fe6a350-0666-4e7b-8066-04f0db96cace"
                }, {
                    "priority": 0,
                    "id": "08bc1d1b-d214-4fbb-ac05-c5cee245d5f0",
                    "text": "不要生气啦，我就是犯蠢呐",
                    "path": "295f4b69-6f8b-48b5-9631-eeb908bfa98d/28b60e6b-b266-4d6f-8339-054d62f3317f/3bffb3eb-6aa7-4014-aa88-1c1b946375b9/a70f551b-97e8-46fc-ba86-313c6b842c3a/08bc1d1b-d214-4fbb-ac05-c5cee245d5f0"
                }, {
                    "priority": 0,
                    "id": "ddf2e434-0649-4700-890a-382a8487f485",
                    "text": "好啦，mua不生气了",
                    "path": "295f4b69-6f8b-48b5-9631-eeb908bfa98d/28b60e6b-b266-4d6f-8339-054d62f3317f/3bffb3eb-6aa7-4014-aa88-1c1b946375b9/a70f551b-97e8-46fc-ba86-313c6b842c3a/ddf2e434-0649-4700-890a-382a8487f485"
                }, {
                    "priority": 0,
                    "id": "6b3dc2ad-5247-4f37-bd3d-20a99e36eca2",
                    "text": "你在生气人家不理你了",
                    "path": "295f4b69-6f8b-48b5-9631-eeb908bfa98d/28b60e6b-b266-4d6f-8339-054d62f3317f/3bffb3eb-6aa7-4014-aa88-1c1b946375b9/a70f551b-97e8-46fc-ba86-313c6b842c3a/6b3dc2ad-5247-4f37-bd3d-20a99e36eca2"
                }, {
                    "priority": 0,
                    "id": "a9e28bc6-fd23-4a70-a003-2ddc9eafc852",
                    "text": "大坏蛋，还在生人家的气嘛",
                    "path": "295f4b69-6f8b-48b5-9631-eeb908bfa98d/28b60e6b-b266-4d6f-8339-054d62f3317f/3bffb3eb-6aa7-4014-aa88-1c1b946375b9/a70f551b-97e8-46fc-ba86-313c6b842c3a/a9e28bc6-fd23-4a70-a003-2ddc9eafc852"
                }, {
                    "priority": 0,
                    "id": "cbd26559-dff4-45b2-a756-29cd6acd2902",
                    "text": "不要生人家的气啦，我也不是故意的好不好",
                    "path": "295f4b69-6f8b-48b5-9631-eeb908bfa98d/28b60e6b-b266-4d6f-8339-054d62f3317f/3bffb3eb-6aa7-4014-aa88-1c1b946375b9/a70f551b-97e8-46fc-ba86-313c6b842c3a/cbd26559-dff4-45b2-a756-29cd6acd2902"
                }],
                "text": "道歉",
                "path": "295f4b69-6f8b-48b5-9631-eeb908bfa98d/28b60e6b-b266-4d6f-8339-054d62f3317f/3bffb3eb-6aa7-4014-aa88-1c1b946375b9/a70f551b-97e8-46fc-ba86-313c6b842c3a"
            }],
            "path": "295f4b69-6f8b-48b5-9631-eeb908bfa98d/28b60e6b-b266-4d6f-8339-054d62f3317f/3bffb3eb-6aa7-4014-aa88-1c1b946375b9",
            "name": "狂刷"
        }],
        "name": "任性",
        "operation": 1
    }, {
        "id": "0bbeecb3-557e-49a5-8da1-c3adcfe05107",
        "path": "295f4b69-6f8b-48b5-9631-eeb908bfa98d/0bbeecb3-557e-49a5-8da1-c3adcfe05107",
        "priority": 1,
        "sessions": [{
            "priority": 0,
            "id": "7e87fa70-26b0-4750-97f7-6a239af08367",
            "contents": [{
                "priority": 0,
                "id": "8a175b03-c25d-4477-bba3-e1244ae346e3",
                "statements": [],
                "text": "啥都没有，别看了",
                "path": "295f4b69-6f8b-48b5-9631-eeb908bfa98d/0bbeecb3-557e-49a5-8da1-c3adcfe05107/7e87fa70-26b0-4750-97f7-6a239af08367/8a175b03-c25d-4477-bba3-e1244ae346e3"
            }],
            "path": "295f4b69-6f8b-48b5-9631-eeb908bfa98d/0bbeecb3-557e-49a5-8da1-c3adcfe05107/7e87fa70-26b0-4750-97f7-6a239af08367",
            "name": "三连"
        }],
        "name": "三连",
        "operation": 2
    }],
    "user": {
        "last_active_at": 1521721909,
        "description": "这个是66键盘app官方账号",
        "created_at": 1506433301,
        "age": 0,
        "cover_urls": ["http://cdn.nongyao.co/20180126161307c6432c.png/webp"],
        "uid": "10001833",
        "birthday": "2017-09-25",
        "location": {
            "city": "北京市",
            "city_code": "110000",
            "country": "中国",
            "country_code": "86",
            "province": "北京市",
            "province_code": "110000"
        },
        "active_times": [{
            "start": {
                "hour": 0,
                "minute": 0
            },
            "end": {
                "hour": 23,
                "minute": 59
            }
        }],
        "name": "66键盘",
        "constellation": "天秤座",
        "voice_permitted": true,
        "id": "e950aee2-bd5b-491b-b7e1-207675d712a5",
        "roles": [3, 4],
        "avatar_url": "http://cdn.nongyao.co/20180130142039x4zwRl.jpg/avatar200",
        "gender": 1,
        "comprehensive": true
    },
    "priority": 0,
    "id": "295f4b69-6f8b-48b5-9631-eeb908bfa98d",
    "name": "任性三连",
    "icon": "http://cdn.nongyao.co/icons/keyboard/capricious.png",
    "keyboard_type": 1
}
