{
    "description": "[刷弹幕用的] 百万66弹幕大军出征",
    "created_at": 1513750262,
    "categories": [{
        "id": "931f6668-1329-4a06-aba6-40c25c7c72a4",
        "path": "a5af2efd-2cce-4e27-8172-9e5ce69836b1/931f6668-1329-4a06-aba6-40c25c7c72a4",
        "priority": 0,
        "operation": 1,
        "sessions": [{
            "priority": 0,
            "id": "a75a54e2-ff60-46f5-963e-8649c57cc8a8",
            "contents": [{
                "priority": 0,
                "id": "04e3b1d5-8c19-424c-bc22-6f0975241ba0",
                "statements": [{
                    "priority": 0,
                    "id": "a7778690-85dd-4ff0-9279-f5756d90945d",
                    "text": "？遛了遛了，神仙神仙",
                    "path": "a5af2efd-2cce-4e27-8172-9e5ce69836b1/931f6668-1329-4a06-aba6-40c25c7c72a4/a75a54e2-ff60-46f5-963e-8649c57cc8a8/04e3b1d5-8c19-424c-bc22-6f0975241ba0/a7778690-85dd-4ff0-9279-f5756d90945d"
                }, {
                    "priority": 0,
                    "id": "f79df35f-d585-4fc4-a39b-bdb4c140c311",
                    "text": "2333333333333333",
                    "path": "a5af2efd-2cce-4e27-8172-9e5ce69836b1/931f6668-1329-4a06-aba6-40c25c7c72a4/a75a54e2-ff60-46f5-963e-8649c57cc8a8/04e3b1d5-8c19-424c-bc22-6f0975241ba0/f79df35f-d585-4fc4-a39b-bdb4c140c311"
                }, {
                    "priority": 0,
                    "id": "e7fddab2-e585-4364-8a44-0f2eb1b4ec3f",
                    "text": "6666666666666666",
                    "path": "a5af2efd-2cce-4e27-8172-9e5ce69836b1/931f6668-1329-4a06-aba6-40c25c7c72a4/a75a54e2-ff60-46f5-963e-8649c57cc8a8/04e3b1d5-8c19-424c-bc22-6f0975241ba0/e7fddab2-e585-4364-8a44-0f2eb1b4ec3f"
                }, {
                    "priority": 0,
                    "id": "e637a7b9-3e09-4f13-bf2e-fb337c9b9fa5",
                    "text": "66666",
                    "path": "a5af2efd-2cce-4e27-8172-9e5ce69836b1/931f6668-1329-4a06-aba6-40c25c7c72a4/a75a54e2-ff60-46f5-963e-8649c57cc8a8/04e3b1d5-8c19-424c-bc22-6f0975241ba0/e637a7b9-3e09-4f13-bf2e-fb337c9b9fa5"
                }, {
                    "priority": 0,
                    "id": "07048b8c-0ef4-4c3d-b124-2cdab586214c",
                    "text": "233333333",
                    "path": "a5af2efd-2cce-4e27-8172-9e5ce69836b1/931f6668-1329-4a06-aba6-40c25c7c72a4/a75a54e2-ff60-46f5-963e-8649c57cc8a8/04e3b1d5-8c19-424c-bc22-6f0975241ba0/07048b8c-0ef4-4c3d-b124-2cdab586214c"
                }, {
                    "priority": 0,
                    "id": "c055e300-b0da-4262-811e-ca1dd529dc74",
                    "text": "233333333333",
                    "path": "a5af2efd-2cce-4e27-8172-9e5ce69836b1/931f6668-1329-4a06-aba6-40c25c7c72a4/a75a54e2-ff60-46f5-963e-8649c57cc8a8/04e3b1d5-8c19-424c-bc22-6f0975241ba0/c055e300-b0da-4262-811e-ca1dd529dc74"
                }, {
                    "priority": 0,
                    "id": "019a49de-0dd5-46e7-97ad-6b69918269cd",
                    "text": "6666666666",
                    "path": "a5af2efd-2cce-4e27-8172-9e5ce69836b1/931f6668-1329-4a06-aba6-40c25c7c72a4/a75a54e2-ff60-46f5-963e-8649c57cc8a8/04e3b1d5-8c19-424c-bc22-6f0975241ba0/019a49de-0dd5-46e7-97ad-6b69918269cd"
                }, {
                    "priority": 0,
                    "id": "266f2b3b-b878-4ec7-9a8b-66d1f06e976b",
                    "text": "哈哈哈哈哈哈哈哈哈哈哈哈哈哈",
                    "path": "a5af2efd-2cce-4e27-8172-9e5ce69836b1/931f6668-1329-4a06-aba6-40c25c7c72a4/a75a54e2-ff60-46f5-963e-8649c57cc8a8/04e3b1d5-8c19-424c-bc22-6f0975241ba0/266f2b3b-b878-4ec7-9a8b-66d1f06e976b"
                }, {
                    "priority": 0,
                    "id": "cd09dc8f-e422-4044-9daf-52230e1c3bab",
                    "text": "哈哈哈哈哈哈哈",
                    "path": "a5af2efd-2cce-4e27-8172-9e5ce69836b1/931f6668-1329-4a06-aba6-40c25c7c72a4/a75a54e2-ff60-46f5-963e-8649c57cc8a8/04e3b1d5-8c19-424c-bc22-6f0975241ba0/cd09dc8f-e422-4044-9daf-52230e1c3bab"
                }, {
                    "priority": 0,
                    "id": "c6577ee9-e304-4cf8-aafb-01c8c111bbc4",
                    "text": "23333333哈哈哈哈",
                    "path": "a5af2efd-2cce-4e27-8172-9e5ce69836b1/931f6668-1329-4a06-aba6-40c25c7c72a4/a75a54e2-ff60-46f5-963e-8649c57cc8a8/04e3b1d5-8c19-424c-bc22-6f0975241ba0/c6577ee9-e304-4cf8-aafb-01c8c111bbc4"
                }, {
                    "priority": 0,
                    "id": "48b90b4f-22e6-466f-906a-0c955bac1c82",
                    "text": "666666666666",
                    "path": "a5af2efd-2cce-4e27-8172-9e5ce69836b1/931f6668-1329-4a06-aba6-40c25c7c72a4/a75a54e2-ff60-46f5-963e-8649c57cc8a8/04e3b1d5-8c19-424c-bc22-6f0975241ba0/48b90b4f-22e6-466f-906a-0c955bac1c82"
                }, {
                    "priority": 0,
                    "id": "0f32ae73-33c6-4b85-b1d1-f49ca89d829a",
                    "text": "？？？？？？遛了遛了",
                    "path": "a5af2efd-2cce-4e27-8172-9e5ce69836b1/931f6668-1329-4a06-aba6-40c25c7c72a4/a75a54e2-ff60-46f5-963e-8649c57cc8a8/04e3b1d5-8c19-424c-bc22-6f0975241ba0/0f32ae73-33c6-4b85-b1d1-f49ca89d829a"
                }, {
                    "priority": 0,
                    "id": "a31c60b5-acbe-48c4-8b16-5fa0132b9873",
                    "text": "红红火火恍恍惚惚惚惚",
                    "path": "a5af2efd-2cce-4e27-8172-9e5ce69836b1/931f6668-1329-4a06-aba6-40c25c7c72a4/a75a54e2-ff60-46f5-963e-8649c57cc8a8/04e3b1d5-8c19-424c-bc22-6f0975241ba0/a31c60b5-acbe-48c4-8b16-5fa0132b9873"
                }, {
                    "priority": 0,
                    "id": "53453abd-a0e9-4462-9fce-1e34d80d7763",
                    "text": "666666666666",
                    "path": "a5af2efd-2cce-4e27-8172-9e5ce69836b1/931f6668-1329-4a06-aba6-40c25c7c72a4/a75a54e2-ff60-46f5-963e-8649c57cc8a8/04e3b1d5-8c19-424c-bc22-6f0975241ba0/53453abd-a0e9-4462-9fce-1e34d80d7763"
                }, {
                    "priority": 0,
                    "id": "8bc99c1b-343f-433f-81de-8b71b3a9cfc8",
                    "text": "hhhh",
                    "path": "a5af2efd-2cce-4e27-8172-9e5ce69836b1/931f6668-1329-4a06-aba6-40c25c7c72a4/a75a54e2-ff60-46f5-963e-8649c57cc8a8/04e3b1d5-8c19-424c-bc22-6f0975241ba0/8bc99c1b-343f-433f-81de-8b71b3a9cfc8"
                }, {
                    "priority": 0,
                    "id": "a7da3253-3eb3-4d80-918c-ab99d71eeead",
                    "text": "hahahahhahahaha",
                    "path": "a5af2efd-2cce-4e27-8172-9e5ce69836b1/931f6668-1329-4a06-aba6-40c25c7c72a4/a75a54e2-ff60-46f5-963e-8649c57cc8a8/04e3b1d5-8c19-424c-bc22-6f0975241ba0/a7da3253-3eb3-4d80-918c-ab99d71eeead"
                }, {
                    "priority": 0,
                    "id": "5240e344-3095-4add-8616-82145f7ea6a2",
                    "text": "666",
                    "path": "a5af2efd-2cce-4e27-8172-9e5ce69836b1/931f6668-1329-4a06-aba6-40c25c7c72a4/a75a54e2-ff60-46f5-963e-8649c57cc8a8/04e3b1d5-8c19-424c-bc22-6f0975241ba0/5240e344-3095-4add-8616-82145f7ea6a2"
                }, {
                    "priority": 0,
                    "id": "04aced88-a3e8-4089-843c-9b086db35a8c",
                    "text": "6666666",
                    "path": "a5af2efd-2cce-4e27-8172-9e5ce69836b1/931f6668-1329-4a06-aba6-40c25c7c72a4/a75a54e2-ff60-46f5-963e-8649c57cc8a8/04e3b1d5-8c19-424c-bc22-6f0975241ba0/04aced88-a3e8-4089-843c-9b086db35a8c"
                }, {
                    "priority": 0,
                    "id": "b0662226-ec6b-4378-8a61-9a1cf6dac0a5",
                    "text": "神仙，哈哈哈哈哈666",
                    "path": "a5af2efd-2cce-4e27-8172-9e5ce69836b1/931f6668-1329-4a06-aba6-40c25c7c72a4/a75a54e2-ff60-46f5-963e-8649c57cc8a8/04e3b1d5-8c19-424c-bc22-6f0975241ba0/b0662226-ec6b-4378-8a61-9a1cf6dac0a5"
                }, {
                    "priority": 0,
                    "id": "02f518c5-505f-45dd-9c2b-cd6baeaf8b01",
                    "text": "红红火火恍恍惚惚红红火火恍恍惚惚",
                    "path": "a5af2efd-2cce-4e27-8172-9e5ce69836b1/931f6668-1329-4a06-aba6-40c25c7c72a4/a75a54e2-ff60-46f5-963e-8649c57cc8a8/04e3b1d5-8c19-424c-bc22-6f0975241ba0/02f518c5-505f-45dd-9c2b-cd6baeaf8b01"
                }, {
                    "priority": 0,
                    "id": "e2db6413-539c-400c-8cb8-067f8bef74b7",
                    "text": "厉害了厉害了厉害了厉害了",
                    "path": "a5af2efd-2cce-4e27-8172-9e5ce69836b1/931f6668-1329-4a06-aba6-40c25c7c72a4/a75a54e2-ff60-46f5-963e-8649c57cc8a8/04e3b1d5-8c19-424c-bc22-6f0975241ba0/e2db6413-539c-400c-8cb8-067f8bef74b7"
                }, {
                    "priority": 0,
                    "id": "67e9325a-baba-4040-849a-20e81ef3ce44",
                    "text": "厉害了",
                    "path": "a5af2efd-2cce-4e27-8172-9e5ce69836b1/931f6668-1329-4a06-aba6-40c25c7c72a4/a75a54e2-ff60-46f5-963e-8649c57cc8a8/04e3b1d5-8c19-424c-bc22-6f0975241ba0/67e9325a-baba-4040-849a-20e81ef3ce44"
                }, {
                    "priority": 0,
                    "id": "90b7a647-8c61-4ee3-8156-9e89407b5358",
                    "text": "主播不要逗！",
                    "path": "a5af2efd-2cce-4e27-8172-9e5ce69836b1/931f6668-1329-4a06-aba6-40c25c7c72a4/a75a54e2-ff60-46f5-963e-8649c57cc8a8/04e3b1d5-8c19-424c-bc22-6f0975241ba0/90b7a647-8c61-4ee3-8156-9e89407b5358"
                }, {
                    "priority": 0,
                    "id": "d5b41114-edf9-4f6d-888d-b1c68bf9fc1a",
                    "text": "主播慌慌哒",
                    "path": "a5af2efd-2cce-4e27-8172-9e5ce69836b1/931f6668-1329-4a06-aba6-40c25c7c72a4/a75a54e2-ff60-46f5-963e-8649c57cc8a8/04e3b1d5-8c19-424c-bc22-6f0975241ba0/d5b41114-edf9-4f6d-888d-b1c68bf9fc1a"
                }, {
                    "priority": 0,
                    "id": "7127073d-8001-4286-8d2a-d93b781518fb",
                    "text": "红红火火恍恍惚惚",
                    "path": "a5af2efd-2cce-4e27-8172-9e5ce69836b1/931f6668-1329-4a06-aba6-40c25c7c72a4/a75a54e2-ff60-46f5-963e-8649c57cc8a8/04e3b1d5-8c19-424c-bc22-6f0975241ba0/7127073d-8001-4286-8d2a-d93b781518fb"
                }, {
                    "priority": 0,
                    "id": "2d9fc05c-c3ac-4f37-a2d6-ee7f3356c84c",
                    "text": "Hhhhhhhhh",
                    "path": "a5af2efd-2cce-4e27-8172-9e5ce69836b1/931f6668-1329-4a06-aba6-40c25c7c72a4/a75a54e2-ff60-46f5-963e-8649c57cc8a8/04e3b1d5-8c19-424c-bc22-6f0975241ba0/2d9fc05c-c3ac-4f37-a2d6-ee7f3356c84c"
                }],
                "text": "日常弹幕",
                "path": "a5af2efd-2cce-4e27-8172-9e5ce69836b1/931f6668-1329-4a06-aba6-40c25c7c72a4/a75a54e2-ff60-46f5-963e-8649c57cc8a8/04e3b1d5-8c19-424c-bc22-6f0975241ba0"
            }, {
                "priority": 1,
                "id": "f1320635-9c01-4e54-a592-4c5251f6d3b5",
                "statements": [{
                    "priority": 0,
                    "id": "b48e6e94-bd5e-44f6-8a15-9efad2441606",
                    "text": "？？？走了走了",
                    "path": "a5af2efd-2cce-4e27-8172-9e5ce69836b1/931f6668-1329-4a06-aba6-40c25c7c72a4/a75a54e2-ff60-46f5-963e-8649c57cc8a8/f1320635-9c01-4e54-a592-4c5251f6d3b5/b48e6e94-bd5e-44f6-8a15-9efad2441606"
                }, {
                    "priority": 0,
                    "id": "25bb9105-b61e-48cf-9086-b1ce1416a8e0",
                    "text": "色情主播我报警啦！",
                    "path": "a5af2efd-2cce-4e27-8172-9e5ce69836b1/931f6668-1329-4a06-aba6-40c25c7c72a4/a75a54e2-ff60-46f5-963e-8649c57cc8a8/f1320635-9c01-4e54-a592-4c5251f6d3b5/25bb9105-b61e-48cf-9086-b1ce1416a8e0"
                }, {
                    "priority": 0,
                    "id": "97554438-7e26-41bb-a4d5-f53055586c14",
                    "text": "取关，退群！走了走了",
                    "path": "a5af2efd-2cce-4e27-8172-9e5ce69836b1/931f6668-1329-4a06-aba6-40c25c7c72a4/a75a54e2-ff60-46f5-963e-8649c57cc8a8/f1320635-9c01-4e54-a592-4c5251f6d3b5/97554438-7e26-41bb-a4d5-f53055586c14"
                }, {
                    "priority": 0,
                    "id": "b73771db-dd2d-4894-b550-ed1bfa3ddadd",
                    "text": "举报一波，走起",
                    "path": "a5af2efd-2cce-4e27-8172-9e5ce69836b1/931f6668-1329-4a06-aba6-40c25c7c72a4/a75a54e2-ff60-46f5-963e-8649c57cc8a8/f1320635-9c01-4e54-a592-4c5251f6d3b5/b73771db-dd2d-4894-b550-ed1bfa3ddadd"
                }, {
                    "priority": 0,
                    "id": "6683c5bd-97d4-4833-b793-4b3d0b91399c",
                    "text": "？？？？？拉黑了",
                    "path": "a5af2efd-2cce-4e27-8172-9e5ce69836b1/931f6668-1329-4a06-aba6-40c25c7c72a4/a75a54e2-ff60-46f5-963e-8649c57cc8a8/f1320635-9c01-4e54-a592-4c5251f6d3b5/6683c5bd-97d4-4833-b793-4b3d0b91399c"
                }, {
                    "priority": 0,
                    "id": "c4fe4553-b62c-4ef4-b152-64ac5139f942",
                    "text": "取关，拉黑了，赶紧留住我",
                    "path": "a5af2efd-2cce-4e27-8172-9e5ce69836b1/931f6668-1329-4a06-aba6-40c25c7c72a4/a75a54e2-ff60-46f5-963e-8649c57cc8a8/f1320635-9c01-4e54-a592-4c5251f6d3b5/c4fe4553-b62c-4ef4-b152-64ac5139f942"
                }, {
                    "priority": 0,
                    "id": "7b9fb3ee-26cf-49de-bc69-6eb0825c18a7",
                    "text": "？？？辣鸡主播，不看了",
                    "path": "a5af2efd-2cce-4e27-8172-9e5ce69836b1/931f6668-1329-4a06-aba6-40c25c7c72a4/a75a54e2-ff60-46f5-963e-8649c57cc8a8/f1320635-9c01-4e54-a592-4c5251f6d3b5/7b9fb3ee-26cf-49de-bc69-6eb0825c18a7"
                }, {
                    "priority": 0,
                    "id": "9bcef88b-2ebd-469f-b958-c48336c34b67",
                    "text": "套路套路，拉墨了",
                    "path": "a5af2efd-2cce-4e27-8172-9e5ce69836b1/931f6668-1329-4a06-aba6-40c25c7c72a4/a75a54e2-ff60-46f5-963e-8649c57cc8a8/f1320635-9c01-4e54-a592-4c5251f6d3b5/9bcef88b-2ebd-469f-b958-c48336c34b67"
                }, {
                    "priority": 0,
                    "id": "3edcf1cc-8004-4bae-be5f-6ec2b7a309a9",
                    "text": "离婚，取关，快挽留我",
                    "path": "a5af2efd-2cce-4e27-8172-9e5ce69836b1/931f6668-1329-4a06-aba6-40c25c7c72a4/a75a54e2-ff60-46f5-963e-8649c57cc8a8/f1320635-9c01-4e54-a592-4c5251f6d3b5/3edcf1cc-8004-4bae-be5f-6ec2b7a309a9"
                }, {
                    "priority": 0,
                    "id": "1168a615-f99b-4add-bbc3-fba3985467c8",
                    "text": "？？？？离婚了",
                    "path": "a5af2efd-2cce-4e27-8172-9e5ce69836b1/931f6668-1329-4a06-aba6-40c25c7c72a4/a75a54e2-ff60-46f5-963e-8649c57cc8a8/f1320635-9c01-4e54-a592-4c5251f6d3b5/1168a615-f99b-4add-bbc3-fba3985467c8"
                }, {
                    "priority": 0,
                    "id": "11548e18-b276-436f-97af-e191161a87db",
                    "text": "举报了，快讨好我",
                    "path": "a5af2efd-2cce-4e27-8172-9e5ce69836b1/931f6668-1329-4a06-aba6-40c25c7c72a4/a75a54e2-ff60-46f5-963e-8649c57cc8a8/f1320635-9c01-4e54-a592-4c5251f6d3b5/11548e18-b276-436f-97af-e191161a87db"
                }, {
                    "priority": 0,
                    "id": "8f30f931-e340-4d8f-a477-ec831b935d0c",
                    "text": "遛了遛了",
                    "path": "a5af2efd-2cce-4e27-8172-9e5ce69836b1/931f6668-1329-4a06-aba6-40c25c7c72a4/a75a54e2-ff60-46f5-963e-8649c57cc8a8/f1320635-9c01-4e54-a592-4c5251f6d3b5/8f30f931-e340-4d8f-a477-ec831b935d0c"
                }, {
                    "priority": 0,
                    "id": "385406c8-9a9b-40f9-bbd7-0f45baafe909",
                    "text": "帮我关下灯，我要走了",
                    "path": "a5af2efd-2cce-4e27-8172-9e5ce69836b1/931f6668-1329-4a06-aba6-40c25c7c72a4/a75a54e2-ff60-46f5-963e-8649c57cc8a8/f1320635-9c01-4e54-a592-4c5251f6d3b5/385406c8-9a9b-40f9-bbd7-0f45baafe909"
                }, {
                    "priority": 0,
                    "id": "82930268-a392-478a-9da1-2eda5d217163",
                    "text": "麻烦跟我主播说下，我走了",
                    "path": "a5af2efd-2cce-4e27-8172-9e5ce69836b1/931f6668-1329-4a06-aba6-40c25c7c72a4/a75a54e2-ff60-46f5-963e-8649c57cc8a8/f1320635-9c01-4e54-a592-4c5251f6d3b5/82930268-a392-478a-9da1-2eda5d217163"
                }, {
                    "priority": 0,
                    "id": "2fa3f3f9-e7a3-45ad-b754-2fed77ac8f04",
                    "text": "举报，拉黑了，拜拜",
                    "path": "a5af2efd-2cce-4e27-8172-9e5ce69836b1/931f6668-1329-4a06-aba6-40c25c7c72a4/a75a54e2-ff60-46f5-963e-8649c57cc8a8/f1320635-9c01-4e54-a592-4c5251f6d3b5/2fa3f3f9-e7a3-45ad-b754-2fed77ac8f04"
                }],
                "text": "威胁",
                "path": "a5af2efd-2cce-4e27-8172-9e5ce69836b1/931f6668-1329-4a06-aba6-40c25c7c72a4/a75a54e2-ff60-46f5-963e-8649c57cc8a8/f1320635-9c01-4e54-a592-4c5251f6d3b5"
            }, {
                "priority": 2,
                "id": "6cf8acdb-0644-4182-9dd8-bd5830305e5f",
                "statements": [{
                    "priority": 0,
                    "id": "b8e813cf-80ab-446e-9938-5b7ead0f8b15",
                    "text": "老板就是豪气！",
                    "path": "a5af2efd-2cce-4e27-8172-9e5ce69836b1/931f6668-1329-4a06-aba6-40c25c7c72a4/a75a54e2-ff60-46f5-963e-8649c57cc8a8/6cf8acdb-0644-4182-9dd8-bd5830305e5f/b8e813cf-80ab-446e-9938-5b7ead0f8b15"
                }, {
                    "priority": 0,
                    "id": "a38e6a15-ac06-4e88-a1a4-f16e2803f490",
                    "text": "谢谢大佬对我家主播的支持",
                    "path": "a5af2efd-2cce-4e27-8172-9e5ce69836b1/931f6668-1329-4a06-aba6-40c25c7c72a4/a75a54e2-ff60-46f5-963e-8649c57cc8a8/6cf8acdb-0644-4182-9dd8-bd5830305e5f/a38e6a15-ac06-4e88-a1a4-f16e2803f490"
                }, {
                    "priority": 0,
                    "id": "9f8f394e-a46d-4a6a-bb8d-d5322f3e1e92",
                    "text": "大爷常来啊～",
                    "path": "a5af2efd-2cce-4e27-8172-9e5ce69836b1/931f6668-1329-4a06-aba6-40c25c7c72a4/a75a54e2-ff60-46f5-963e-8649c57cc8a8/6cf8acdb-0644-4182-9dd8-bd5830305e5f/9f8f394e-a46d-4a6a-bb8d-d5322f3e1e92"
                }, {
                    "priority": 0,
                    "id": "37ca23e6-0ab7-4606-a390-79e4955ca030",
                    "text": "66666，感谢金主投食",
                    "path": "a5af2efd-2cce-4e27-8172-9e5ce69836b1/931f6668-1329-4a06-aba6-40c25c7c72a4/a75a54e2-ff60-46f5-963e-8649c57cc8a8/6cf8acdb-0644-4182-9dd8-bd5830305e5f/37ca23e6-0ab7-4606-a390-79e4955ca030"
                }, {
                    "priority": 0,
                    "id": "3144ab78-93f4-4acc-8e7c-63bdbca43671",
                    "text": "金主爸爸霸气，6666",
                    "path": "a5af2efd-2cce-4e27-8172-9e5ce69836b1/931f6668-1329-4a06-aba6-40c25c7c72a4/a75a54e2-ff60-46f5-963e-8649c57cc8a8/6cf8acdb-0644-4182-9dd8-bd5830305e5f/3144ab78-93f4-4acc-8e7c-63bdbca43671"
                }, {
                    "priority": 0,
                    "id": "0c665b04-43cf-4260-8333-d30cc91579b5",
                    "text": "666金主卧槽！！！66",
                    "path": "a5af2efd-2cce-4e27-8172-9e5ce69836b1/931f6668-1329-4a06-aba6-40c25c7c72a4/a75a54e2-ff60-46f5-963e-8649c57cc8a8/6cf8acdb-0644-4182-9dd8-bd5830305e5f/0c665b04-43cf-4260-8333-d30cc91579b5"
                }, {
                    "priority": 0,
                    "id": "735a359f-7c96-4366-8e66-1a6567c90194",
                    "text": "老板再来一波",
                    "path": "a5af2efd-2cce-4e27-8172-9e5ce69836b1/931f6668-1329-4a06-aba6-40c25c7c72a4/a75a54e2-ff60-46f5-963e-8649c57cc8a8/6cf8acdb-0644-4182-9dd8-bd5830305e5f/735a359f-7c96-4366-8e66-1a6567c90194"
                }, {
                    "priority": 0,
                    "id": "2426435a-f0e2-47e0-b9cc-2f858c6333b4",
                    "text": "谢谢老板！谢谢老板！谢谢老板！",
                    "path": "a5af2efd-2cce-4e27-8172-9e5ce69836b1/931f6668-1329-4a06-aba6-40c25c7c72a4/a75a54e2-ff60-46f5-963e-8649c57cc8a8/6cf8acdb-0644-4182-9dd8-bd5830305e5f/2426435a-f0e2-47e0-b9cc-2f858c6333b4"
                }, {
                    "priority": 0,
                    "id": "7e66f92f-a7d9-4379-a473-61e1c67be3ff",
                    "text": "多谢大佬支持",
                    "path": "a5af2efd-2cce-4e27-8172-9e5ce69836b1/931f6668-1329-4a06-aba6-40c25c7c72a4/a75a54e2-ff60-46f5-963e-8649c57cc8a8/6cf8acdb-0644-4182-9dd8-bd5830305e5f/7e66f92f-a7d9-4379-a473-61e1c67be3ff"
                }, {
                    "priority": 0,
                    "id": "8c19b9b8-ad23-478e-b18c-d34857fabee0",
                    "text": "2333感谢金主",
                    "path": "a5af2efd-2cce-4e27-8172-9e5ce69836b1/931f6668-1329-4a06-aba6-40c25c7c72a4/a75a54e2-ff60-46f5-963e-8649c57cc8a8/6cf8acdb-0644-4182-9dd8-bd5830305e5f/8c19b9b8-ad23-478e-b18c-d34857fabee0"
                }, {
                    "priority": 0,
                    "id": "98840f52-c967-4ee5-b81c-961e45f023ac",
                    "text": "哇 老板是真的有钱人",
                    "path": "a5af2efd-2cce-4e27-8172-9e5ce69836b1/931f6668-1329-4a06-aba6-40c25c7c72a4/a75a54e2-ff60-46f5-963e-8649c57cc8a8/6cf8acdb-0644-4182-9dd8-bd5830305e5f/98840f52-c967-4ee5-b81c-961e45f023ac"
                }, {
                    "priority": 0,
                    "id": "30b99772-b7ca-448d-9784-3601b38a7038",
                    "text": "感谢老板对主播的支持",
                    "path": "a5af2efd-2cce-4e27-8172-9e5ce69836b1/931f6668-1329-4a06-aba6-40c25c7c72a4/a75a54e2-ff60-46f5-963e-8649c57cc8a8/6cf8acdb-0644-4182-9dd8-bd5830305e5f/30b99772-b7ca-448d-9784-3601b38a7038"
                }, {
                    "priority": 0,
                    "id": "a51c6d98-5d4a-4e9d-8314-c7562bcf1c7d",
                    "text": "感谢金主爸爸",
                    "path": "a5af2efd-2cce-4e27-8172-9e5ce69836b1/931f6668-1329-4a06-aba6-40c25c7c72a4/a75a54e2-ff60-46f5-963e-8649c57cc8a8/6cf8acdb-0644-4182-9dd8-bd5830305e5f/a51c6d98-5d4a-4e9d-8314-c7562bcf1c7d"
                }, {
                    "priority": 0,
                    "id": "9b7734f2-c773-4dad-a717-18effb9d65ef",
                    "text": "66666大佬大佬很棒很棒继续继续",
                    "path": "a5af2efd-2cce-4e27-8172-9e5ce69836b1/931f6668-1329-4a06-aba6-40c25c7c72a4/a75a54e2-ff60-46f5-963e-8649c57cc8a8/6cf8acdb-0644-4182-9dd8-bd5830305e5f/9b7734f2-c773-4dad-a717-18effb9d65ef"
                }, {
                    "priority": 0,
                    "id": "70647371-619f-4b5b-b6e7-a80d079fa188",
                    "text": "金主爸爸继续继续",
                    "path": "a5af2efd-2cce-4e27-8172-9e5ce69836b1/931f6668-1329-4a06-aba6-40c25c7c72a4/a75a54e2-ff60-46f5-963e-8649c57cc8a8/6cf8acdb-0644-4182-9dd8-bd5830305e5f/70647371-619f-4b5b-b6e7-a80d079fa188"
                }, {
                    "priority": 0,
                    "id": "450c068f-10ce-4168-b919-dd3be5a3f0ce",
                    "text": "谢谢宝宝",
                    "path": "a5af2efd-2cce-4e27-8172-9e5ce69836b1/931f6668-1329-4a06-aba6-40c25c7c72a4/a75a54e2-ff60-46f5-963e-8649c57cc8a8/6cf8acdb-0644-4182-9dd8-bd5830305e5f/450c068f-10ce-4168-b919-dd3be5a3f0ce"
                }, {
                    "priority": 0,
                    "id": "fe141a08-733f-465c-846f-69f42da0c3f9",
                    "text": "啊啊啊啊谢谢金主",
                    "path": "a5af2efd-2cce-4e27-8172-9e5ce69836b1/931f6668-1329-4a06-aba6-40c25c7c72a4/a75a54e2-ff60-46f5-963e-8649c57cc8a8/6cf8acdb-0644-4182-9dd8-bd5830305e5f/fe141a08-733f-465c-846f-69f42da0c3f9"
                }],
                "text": "感谢礼物",
                "path": "a5af2efd-2cce-4e27-8172-9e5ce69836b1/931f6668-1329-4a06-aba6-40c25c7c72a4/a75a54e2-ff60-46f5-963e-8649c57cc8a8/6cf8acdb-0644-4182-9dd8-bd5830305e5f"
            }, {
                "priority": 3,
                "id": "69fb249c-9395-474c-8890-787366432f5b",
                "statements": [{
                    "priority": 0,
                    "id": "2af60a47-04cd-4cba-ba38-10dbb4747c89",
                    "text": "煞笔不要来这里找存在感",
                    "path": "a5af2efd-2cce-4e27-8172-9e5ce69836b1/931f6668-1329-4a06-aba6-40c25c7c72a4/a75a54e2-ff60-46f5-963e-8649c57cc8a8/69fb249c-9395-474c-8890-787366432f5b/2af60a47-04cd-4cba-ba38-10dbb4747c89"
                }, {
                    "priority": 0,
                    "id": "b4305dac-bd9d-4130-a2fc-bb27ee9c8712",
                    "text": "不看滚！黑粉滚出克",
                    "path": "a5af2efd-2cce-4e27-8172-9e5ce69836b1/931f6668-1329-4a06-aba6-40c25c7c72a4/a75a54e2-ff60-46f5-963e-8649c57cc8a8/69fb249c-9395-474c-8890-787366432f5b/b4305dac-bd9d-4130-a2fc-bb27ee9c8712"
                }, {
                    "priority": 0,
                    "id": "d888d711-9bf8-4cf8-a195-c211b3465e92",
                    "text": "你行你上啊，辣鸡只会喷",
                    "path": "a5af2efd-2cce-4e27-8172-9e5ce69836b1/931f6668-1329-4a06-aba6-40c25c7c72a4/a75a54e2-ff60-46f5-963e-8649c57cc8a8/69fb249c-9395-474c-8890-787366432f5b/d888d711-9bf8-4cf8-a195-c211b3465e92"
                }, {
                    "priority": 0,
                    "id": "ef7e6780-13c3-4fb5-82c2-f3ec6fb3ca8f",
                    "text": "喷子都滚出去好吗？",
                    "path": "a5af2efd-2cce-4e27-8172-9e5ce69836b1/931f6668-1329-4a06-aba6-40c25c7c72a4/a75a54e2-ff60-46f5-963e-8649c57cc8a8/69fb249c-9395-474c-8890-787366432f5b/ef7e6780-13c3-4fb5-82c2-f3ec6fb3ca8f"
                }, {
                    "priority": 0,
                    "id": "6aaa517d-283e-4879-a2f5-799388218f0d",
                    "text": "喷子都是孤儿吧？",
                    "path": "a5af2efd-2cce-4e27-8172-9e5ce69836b1/931f6668-1329-4a06-aba6-40c25c7c72a4/a75a54e2-ff60-46f5-963e-8649c57cc8a8/69fb249c-9395-474c-8890-787366432f5b/6aaa517d-283e-4879-a2f5-799388218f0d"
                }, {
                    "priority": 0,
                    "id": "1d460603-a0e0-4e61-a1de-2695352d3623",
                    "text": "喷子走开，爱看不看",
                    "path": "a5af2efd-2cce-4e27-8172-9e5ce69836b1/931f6668-1329-4a06-aba6-40c25c7c72a4/a75a54e2-ff60-46f5-963e-8649c57cc8a8/69fb249c-9395-474c-8890-787366432f5b/1d460603-a0e0-4e61-a1de-2695352d3623"
                }, {
                    "priority": 0,
                    "id": "0f1a398f-2919-4011-8480-f4fa39d28e13",
                    "text": "没有强制你看好吧，黑子走开",
                    "path": "a5af2efd-2cce-4e27-8172-9e5ce69836b1/931f6668-1329-4a06-aba6-40c25c7c72a4/a75a54e2-ff60-46f5-963e-8649c57cc8a8/69fb249c-9395-474c-8890-787366432f5b/0f1a398f-2919-4011-8480-f4fa39d28e13"
                }, {
                    "priority": 0,
                    "id": "ac8ddf03-92c4-485a-82d4-2aa114d59848",
                    "text": "喷子不看滚",
                    "path": "a5af2efd-2cce-4e27-8172-9e5ce69836b1/931f6668-1329-4a06-aba6-40c25c7c72a4/a75a54e2-ff60-46f5-963e-8649c57cc8a8/69fb249c-9395-474c-8890-787366432f5b/ac8ddf03-92c4-485a-82d4-2aa114d59848"
                }, {
                    "priority": 0,
                    "id": "3c3363f1-9563-4b90-80f4-13bff217c509",
                    "text": "喷子举家坟头蹦迪",
                    "path": "a5af2efd-2cce-4e27-8172-9e5ce69836b1/931f6668-1329-4a06-aba6-40c25c7c72a4/a75a54e2-ff60-46f5-963e-8649c57cc8a8/69fb249c-9395-474c-8890-787366432f5b/3c3363f1-9563-4b90-80f4-13bff217c509"
                }, {
                    "priority": 0,
                    "id": "e39ce6ad-7392-4c12-b17a-846fd76d15d9",
                    "text": "黑粉脑子有病吧！不喜欢可以走啊",
                    "path": "a5af2efd-2cce-4e27-8172-9e5ce69836b1/931f6668-1329-4a06-aba6-40c25c7c72a4/a75a54e2-ff60-46f5-963e-8649c57cc8a8/69fb249c-9395-474c-8890-787366432f5b/e39ce6ad-7392-4c12-b17a-846fd76d15d9"
                }, {
                    "priority": 0,
                    "id": "5390cb68-208a-4880-8888-a1e5a2793577",
                    "text": "脑残喷子别来这里找存在感",
                    "path": "a5af2efd-2cce-4e27-8172-9e5ce69836b1/931f6668-1329-4a06-aba6-40c25c7c72a4/a75a54e2-ff60-46f5-963e-8649c57cc8a8/69fb249c-9395-474c-8890-787366432f5b/5390cb68-208a-4880-8888-a1e5a2793577"
                }, {
                    "priority": 0,
                    "id": "fac6519b-c024-4283-97a8-aad580eacefe",
                    "text": "你行你上，在这bb什么",
                    "path": "a5af2efd-2cce-4e27-8172-9e5ce69836b1/931f6668-1329-4a06-aba6-40c25c7c72a4/a75a54e2-ff60-46f5-963e-8649c57cc8a8/69fb249c-9395-474c-8890-787366432f5b/fac6519b-c024-4283-97a8-aad580eacefe"
                }, {
                    "priority": 0,
                    "id": "a82638d5-64d1-4b1c-a660-de636c25fd2b",
                    "text": "键盘侠呵呵了",
                    "path": "a5af2efd-2cce-4e27-8172-9e5ce69836b1/931f6668-1329-4a06-aba6-40c25c7c72a4/a75a54e2-ff60-46f5-963e-8649c57cc8a8/69fb249c-9395-474c-8890-787366432f5b/a82638d5-64d1-4b1c-a660-de636c25fd2b"
                }, {
                    "priority": 0,
                    "id": "0537d8ef-566f-485f-858c-c91bc39e167d",
                    "text": "爱看不看，没人逼你",
                    "path": "a5af2efd-2cce-4e27-8172-9e5ce69836b1/931f6668-1329-4a06-aba6-40c25c7c72a4/a75a54e2-ff60-46f5-963e-8649c57cc8a8/69fb249c-9395-474c-8890-787366432f5b/0537d8ef-566f-485f-858c-c91bc39e167d"
                }, {
                    "priority": 0,
                    "id": "68d710bd-20da-4af5-9a7a-8504b6f1157e",
                    "text": "滚，喷子滚吧",
                    "path": "a5af2efd-2cce-4e27-8172-9e5ce69836b1/931f6668-1329-4a06-aba6-40c25c7c72a4/a75a54e2-ff60-46f5-963e-8649c57cc8a8/69fb249c-9395-474c-8890-787366432f5b/68d710bd-20da-4af5-9a7a-8504b6f1157e"
                }, {
                    "priority": 0,
                    "id": "1b4a23df-b526-46fc-9dce-6b581bcbe8d8",
                    "text": "黑粉爱看不看",
                    "path": "a5af2efd-2cce-4e27-8172-9e5ce69836b1/931f6668-1329-4a06-aba6-40c25c7c72a4/a75a54e2-ff60-46f5-963e-8649c57cc8a8/69fb249c-9395-474c-8890-787366432f5b/1b4a23df-b526-46fc-9dce-6b581bcbe8d8"
                }],
                "text": "黑粉滚粗",
                "path": "a5af2efd-2cce-4e27-8172-9e5ce69836b1/931f6668-1329-4a06-aba6-40c25c7c72a4/a75a54e2-ff60-46f5-963e-8649c57cc8a8/69fb249c-9395-474c-8890-787366432f5b"
            }, {
                "priority": 4,
                "id": "a8690dbe-bb03-49da-bb29-0be67f491e7b",
                "statements": [{
                    "priority": 0,
                    "id": "9dfdf764-9c91-4024-858d-fee910eb1e0f",
                    "text": "主播看我，看我，快看我",
                    "path": "a5af2efd-2cce-4e27-8172-9e5ce69836b1/931f6668-1329-4a06-aba6-40c25c7c72a4/a75a54e2-ff60-46f5-963e-8649c57cc8a8/a8690dbe-bb03-49da-bb29-0be67f491e7b/9dfdf764-9c91-4024-858d-fee910eb1e0f"
                }, {
                    "priority": 0,
                    "id": "a7b9baa3-9628-48fb-86a2-c64556e86a5c",
                    "text": "眼睛好像会放电啊",
                    "path": "a5af2efd-2cce-4e27-8172-9e5ce69836b1/931f6668-1329-4a06-aba6-40c25c7c72a4/a75a54e2-ff60-46f5-963e-8649c57cc8a8/a8690dbe-bb03-49da-bb29-0be67f491e7b/a7b9baa3-9628-48fb-86a2-c64556e86a5c"
                }, {
                    "priority": 0,
                    "id": "e059d65a-c2f1-4fce-a27d-cfb09022799a",
                    "text": "姑姑…我是过儿",
                    "path": "a5af2efd-2cce-4e27-8172-9e5ce69836b1/931f6668-1329-4a06-aba6-40c25c7c72a4/a75a54e2-ff60-46f5-963e-8649c57cc8a8/a8690dbe-bb03-49da-bb29-0be67f491e7b/e059d65a-c2f1-4fce-a27d-cfb09022799a"
                }, {
                    "priority": 0,
                    "id": "912cf94d-92ff-4f6a-8c92-75a7e505bab8",
                    "text": "前排承包主播 我老婆",
                    "path": "a5af2efd-2cce-4e27-8172-9e5ce69836b1/931f6668-1329-4a06-aba6-40c25c7c72a4/a75a54e2-ff60-46f5-963e-8649c57cc8a8/a8690dbe-bb03-49da-bb29-0be67f491e7b/912cf94d-92ff-4f6a-8c92-75a7e505bab8"
                }, {
                    "priority": 0,
                    "id": "803b0fee-e437-4c0b-a4f8-22835b4aebc0",
                    "text": "求勾搭～求眼熟～",
                    "path": "a5af2efd-2cce-4e27-8172-9e5ce69836b1/931f6668-1329-4a06-aba6-40c25c7c72a4/a75a54e2-ff60-46f5-963e-8649c57cc8a8/a8690dbe-bb03-49da-bb29-0be67f491e7b/803b0fee-e437-4c0b-a4f8-22835b4aebc0"
                }, {
                    "priority": 0,
                    "id": "7c5836b0-b8bd-4211-a271-482e051ea1f2",
                    "text": "我有一个大胆的想法",
                    "path": "a5af2efd-2cce-4e27-8172-9e5ce69836b1/931f6668-1329-4a06-aba6-40c25c7c72a4/a75a54e2-ff60-46f5-963e-8649c57cc8a8/a8690dbe-bb03-49da-bb29-0be67f491e7b/7c5836b0-b8bd-4211-a271-482e051ea1f2"
                }, {
                    "priority": 0,
                    "id": "25f6ac7b-3b1a-4fae-9305-b27454259313",
                    "text": "看我！！！看我！我有话说",
                    "path": "a5af2efd-2cce-4e27-8172-9e5ce69836b1/931f6668-1329-4a06-aba6-40c25c7c72a4/a75a54e2-ff60-46f5-963e-8649c57cc8a8/a8690dbe-bb03-49da-bb29-0be67f491e7b/25f6ac7b-3b1a-4fae-9305-b27454259313"
                }, {
                    "priority": 0,
                    "id": "2f811510-9045-498c-8535-9d9d499cd5bb",
                    "text": "主播...我想...",
                    "path": "a5af2efd-2cce-4e27-8172-9e5ce69836b1/931f6668-1329-4a06-aba6-40c25c7c72a4/a75a54e2-ff60-46f5-963e-8649c57cc8a8/a8690dbe-bb03-49da-bb29-0be67f491e7b/2f811510-9045-498c-8535-9d9d499cd5bb"
                }, {
                    "priority": 0,
                    "id": "f44cb766-5a11-4b33-a27b-f9ea13fa242c",
                    "text": "你多大啊",
                    "path": "a5af2efd-2cce-4e27-8172-9e5ce69836b1/931f6668-1329-4a06-aba6-40c25c7c72a4/a75a54e2-ff60-46f5-963e-8649c57cc8a8/a8690dbe-bb03-49da-bb29-0be67f491e7b/f44cb766-5a11-4b33-a27b-f9ea13fa242c"
                }, {
                    "priority": 0,
                    "id": "e510e5ee-0896-408c-b908-18acf43cb357",
                    "text": "今天好好好看啊！！",
                    "path": "a5af2efd-2cce-4e27-8172-9e5ce69836b1/931f6668-1329-4a06-aba6-40c25c7c72a4/a75a54e2-ff60-46f5-963e-8649c57cc8a8/a8690dbe-bb03-49da-bb29-0be67f491e7b/e510e5ee-0896-408c-b908-18acf43cb357"
                }, {
                    "priority": 0,
                    "id": "32340c81-4090-4d1c-963b-9e82624f0c8d",
                    "text": "可以给个微信吗？",
                    "path": "a5af2efd-2cce-4e27-8172-9e5ce69836b1/931f6668-1329-4a06-aba6-40c25c7c72a4/a75a54e2-ff60-46f5-963e-8649c57cc8a8/a8690dbe-bb03-49da-bb29-0be67f491e7b/32340c81-4090-4d1c-963b-9e82624f0c8d"
                }, {
                    "priority": 0,
                    "id": "1221201b-a9dc-4756-b9ad-06fec55d9a6b",
                    "text": "玩王者吗，我骂人超级6",
                    "path": "a5af2efd-2cce-4e27-8172-9e5ce69836b1/931f6668-1329-4a06-aba6-40c25c7c72a4/a75a54e2-ff60-46f5-963e-8649c57cc8a8/a8690dbe-bb03-49da-bb29-0be67f491e7b/1221201b-a9dc-4756-b9ad-06fec55d9a6b"
                }, {
                    "priority": 0,
                    "id": "da5aed94-3b89-4222-86fe-6304a3a6e79d",
                    "text": "你处q友吗",
                    "path": "a5af2efd-2cce-4e27-8172-9e5ce69836b1/931f6668-1329-4a06-aba6-40c25c7c72a4/a75a54e2-ff60-46f5-963e-8649c57cc8a8/a8690dbe-bb03-49da-bb29-0be67f491e7b/da5aed94-3b89-4222-86fe-6304a3a6e79d"
                }, {
                    "priority": 0,
                    "id": "3efaf68a-1c41-4b9e-b696-941ef2a20502",
                    "text": "啊啊啊啊怎么能加微信",
                    "path": "a5af2efd-2cce-4e27-8172-9e5ce69836b1/931f6668-1329-4a06-aba6-40c25c7c72a4/a75a54e2-ff60-46f5-963e-8649c57cc8a8/a8690dbe-bb03-49da-bb29-0be67f491e7b/3efaf68a-1c41-4b9e-b696-941ef2a20502"
                }, {
                    "priority": 0,
                    "id": "ad75b78a-ed61-496d-b8a4-1ca4f2aabd83",
                    "text": "好喜欢，想和你交朋友",
                    "path": "a5af2efd-2cce-4e27-8172-9e5ce69836b1/931f6668-1329-4a06-aba6-40c25c7c72a4/a75a54e2-ff60-46f5-963e-8649c57cc8a8/a8690dbe-bb03-49da-bb29-0be67f491e7b/ad75b78a-ed61-496d-b8a4-1ca4f2aabd83"
                }],
                "text": "勾搭主播",
                "path": "a5af2efd-2cce-4e27-8172-9e5ce69836b1/931f6668-1329-4a06-aba6-40c25c7c72a4/a75a54e2-ff60-46f5-963e-8649c57cc8a8/a8690dbe-bb03-49da-bb29-0be67f491e7b"
            }],
            "path": "a5af2efd-2cce-4e27-8172-9e5ce69836b1/931f6668-1329-4a06-aba6-40c25c7c72a4/a75a54e2-ff60-46f5-963e-8649c57cc8a8",
            "name": "狂刷"
        }],
        "name": "弹幕"
    }, {
        "id": "c2e1c810-94e3-4bae-8fd8-26cd50fc8d7d",
        "path": "a5af2efd-2cce-4e27-8172-9e5ce69836b1/c2e1c810-94e3-4bae-8fd8-26cd50fc8d7d",
        "priority": 1,
        "operation": 2,
        "sessions": [{
            "priority": 0,
            "id": "25113654-714a-451a-913f-1846c0d6c850",
            "contents": [{
                "priority": 0,
                "id": "693acdbe-0a9d-4df5-b706-a748903d8e94",
                "statements": [],
                "text": "大军",
                "path": "a5af2efd-2cce-4e27-8172-9e5ce69836b1/c2e1c810-94e3-4bae-8fd8-26cd50fc8d7d/25113654-714a-451a-913f-1846c0d6c850/693acdbe-0a9d-4df5-b706-a748903d8e94"
            }],
            "path": "a5af2efd-2cce-4e27-8172-9e5ce69836b1/c2e1c810-94e3-4bae-8fd8-26cd50fc8d7d/25113654-714a-451a-913f-1846c0d6c850",
            "name": "大军"
        }],
        "name": "大军"
    }],
    "badge": 0,
    "suffix": {
        "count": 0,
        "text": "-66键盘"
    },
    "updated_at": 1514365786,
    "used_count": 89854,
    "owned": true,
    "user": {
        "last_active_at": 1521721909,
        "constellation": "天秤座",
        "created_at": 1506433301,
        "age": 0,
        "cover_urls": ["http://cdn.nongyao.co/20180126161307c6432c.png/webp"],
        "description": "这个是66键盘app官方账号",
        "birthday": "2017-09-25",
        "uid": "10001833",
        "location": {
            "city": "北京市",
            "city_code": "110000",
            "country": "中国",
            "country_code": "86",
            "province_code": "110000",
            "province": "北京市"
        },
        "active_times": [{
            "start": {
                "hour": 0,
                "minute": 0
            },
            "end": {
                "hour": 23,
                "minute": 59
            }
        }],
        "name": "66键盘",
        "gender": 1,
        "voice_permitted": true,
        "id": "e950aee2-bd5b-491b-b7e1-207675d712a5",
        "roles": [3, 4],
        "avatar_url": "http://cdn.nongyao.co/20180130142039x4zwRl.jpg/avatar200",
        "comprehensive": true
    },
    "id": "a5af2efd-2cce-4e27-8172-9e5ce69836b1",
    "priority": 19,
    "keyboard_type": 1,
    "name": "主播弹幕",
    "icon": "http://cdn.nongyao.co/icons/keyboard/barrage.png"
}
